アニメ作品ID,アニメ作品名,アニメ作品の合計話数
C10001,ギャラクシー エンジェル,24
C10003,PROJECT ARMS,26
C10005,探偵少年カゲマン,6
C10006,Mr.Digital TOKORO the comical cartoon ［第1期］,120
C10008,GEAR戦士[ギアファイター]  電童,38
C10010,グラビテーション,13
C10012,はじめの 一歩 THE FIGHTING!,75
C10014,アルジェント ソーマ,24
C10016,勝負師伝説 哲也,20
C10018,Sci-Fi HARRY,20
C10020,真・女神転生 デビチル,50
C10022,ベイビーフィリックス,65
C10024,無敵王 トライゼノン,22
C10026,犬夜叉,171
C10028,CYBERSIX,13
C10030,人造人間 キカイダー THE ANIMATION,13
C10032,学校の怪談,20
C10034,機巧奇傳ヒヲウ戦記[カラクリキデンヒヲウセンキ],26
C10038,ドッとKONIちゃん,26
C10042,ピポパポ パトルくん,65
C10051,激動! 歴史を変える男たち ～ アニメ 静岡県史～,13
C10053,ゾイド 新世紀/ZERO,26
C10054,破壊魔定光,10
C10056,も～っと! おジャ魔女どれみ,50
C10060,サラリーマン金太郎,20
C10062,Dr.リンにきいてみて!,51
C10066,ビップとバップ “The Adventures of Bip ＆ Bap”,3
C10068,ネコのさくせん,1
C10072,機動天使エンジェリックレイヤー,26
C10074,Cosmic Baton Girl コメットさん★,31
C10076,こみっくパーティー,13
C10078,超GALS! 寿蘭,52
C10080,デジモンテイマーズ,51
C10082,RUN=DIM,13
C10086,ジャングルはいつもハレのちグゥ,26
C10088,STAR OCEAN EX,26
C10090,魔法戦士 リウイ,24
C10092,THE SOUL TAKER,13
C10094,新白雪姫伝説プリーティア,13
C10096,GENE shaft,13
C10098,シスター・プリンセス,27
C10100,Di Gi Charat お花見すぺしゃる,4
C10102,電脳冒険記ウェブダイバー,38
C10104,NOIR,26
C10106,破邪巨星 G弾劾凰,13
C10109,パチスロ貴族 銀,23
C10111,鋼鉄天使 くるみ2式,12
C10113,花右京メイド隊,12
C10115,ゴーゴー五つ子ら・ん・ど,50
C10117,パラッパラッパー,30
C10119,だいすき! ぶぶ チャチャ,26
C10121,すしあざらし,30
C10123,学園戦記ムリョウ,28
C10125,オフサイド,39
C10127,チャンス トライアングルセッション,14
C10129,フィギュア17 つばさ＆ヒカル,15
C10131,まみむめ★もがちょ,13
C10133,あぃまぃみぃ! ストロベリー・エッグ,13
C10135,シャーマンキング,65
C10137,スクライド,26
C10139,フルーツバスケット,27
C10141,魔法少女猫 たると,12
C10143,コスモウォーリアー零,13
C10145,ののちゃん,61
C10147,星界の戦旗Ⅱ,11
C10149,グラップラー刃牙 ―最大トーナメント編―,23
C10151,SAMURAI GIRL リアルバウト ハイスクール,14
C10153,筋肉 番付 金剛くんの大冒険!,3
C10157,Di Gi Charat なつやすみスペシャル,4
C10161,砂漠の海賊! キャプテンクッパ,25
C10163,PROJECT ARMS The 2nd Chapter,26
C10165,くるくるアミー,65
C10167,旋風の用心棒 ～黒澤明監督作品「用心棒」より～,8
C10169,しあわせソウの オコジョさん,51
C10171,ちっちゃな雪使いシュガ～,24
C10173,おとぎストーリー 天使のしっぽ,12
C10175,VANDREAD the Second Stage,14
C10177,ナジカ電撃作戦,12
C10179,ストレイシープ ポーのちっちゃな大冒険,18
C10181,バビル2世［新］,13
C10183,星のカービィ,100
C10185,まほろまてぃっく Automatic Maiden,13
C10187,ガイスターズ FRACTIONS OF THE EARTH,26
C10189,キャプテン翼［新］,52
C10191,激闘! クラッシュギアT[TURBO],68
C10193,テニスの王子様,179
C10195,ヒカルの碁,76
C10197,Hellsing,13
C10199,ピロッポ,23
C10201,コ・コ・ロ・図・書・館,12
C10203,カスミン,26
C10205,バンパイヤン・キッズ,28
C10207,RAVE GROOVE ADVENTURE,51
C10211,サイボーグ009[第3作] THE CYBORG SOLDIER,50
C10215,i wish you were here あなたがここにいてほしい,5
C10217,こげぱん,10
C10221,格闘料理伝説ビストロレシピ,26
C10223,よばれてとびでて! アクビちゃん,13
C10229,きっかけは ラフくん,34
C10231,パタパタ飛行船 の 冒険,27
C10233,ぱにょ ぱにょ デ・ジ・キャラット,48
C10235,爆転シュート ベイブレード2002,51
C10237,炎の蜃気楼［ミラージュ］,14
C10239,フルメタル・パニック!,24
C10241,キン肉マンⅡ世,51
C10243,おねがい☆ティーチャー,12
C10245,七人のナナ,25
C10247,Rahxephon,26
C10248,超重神 グラヴィオン,13
C10250,ゴールド マッスル,4
C10252,週刊ポケモン放送局,16
C10254,アソボット戦記 五九,52
C10256,攻殻機動隊 STAND ALONE COMPLEX,26
C10258,スパイラル ―推理の絆―,25
C10260,花田少年史,25
C10262,ヒートガイジェイ,25
C10264,ボンバーマン ジェッターズ,52
C10267,PLATONIC CHAIN,24
C10272,機動戦士 ガンダムSEED,50
C10274,ゲットバッカーズ 奪還屋,49
C10276,カスミン［第2期］,26
C10278,真・女神転生 D[デビル]チルドレン ライト＆ダーク,52
C10280,ギャラクシーエンジェル[A] [第3期],26
C10282,Kiddy Grade,24
C10284,灰羽連盟,13
C10286,デュエル・マスターズ,32
C10288,巨人の星 【特別篇】 猛虎 花形満 ～『巨人の星』全182話より特別編集～,13
C10290,神世紀伝マーズ,13
C10292,piano,10
C10294,シスター・プリンセス ～リピュア～,13
C10296,NARUTO,221
C10298,Kanon,13
C10300,ヘイ!ヘイ! シュルーム,73
C10302,幻魔大戦 ―神話前夜の章―,13
C10304,おジャ魔女どれみドッカ～ン!,51
C10306,ギャラクシー エンジェル ［第2期］,18
C10308,キックオフ 2002,26
C10312,ロックマンエグゼ,56
C10314,GUN FRONTIER,13
C10318,りぜるまいん,12
C10320,.hack// SIGN,26
C10322,モカイヌ,13
C10324,ベイベー ばぁちゃん,53
C10326,十二国記,45
C10330,東京アンダーグラウンド,26
C10332,HAPPY★ LESSON,13
C10334,おじゃる丸[第5期］,90
C10336,ちょびっツ,26
C10338,天地無用! GXP,26
C10340,アベノ橋魔法☆商店街,13
C10342,爆闘宣言ダイガンダー,39
C10344,東京ミュウミュウ,52
C10346,フォルツァ! ひでまる,26
C10348,満月をさがして,52
C10350,わがまま☆フェアリー ミルモでポン!,52
C10352,デジモンフロンティア,50
C10354,電光超特急 ヒカリアン,53
C10356,天使な小生意気,50
C10358,ぴたテン,26
C10360,あずまんが大王 THE ANIMATION,26
C10362,藍より青し,24
C10364,あたしンち,668
C10366,ワイルド7 another 謀略運河,13
C10368,ナッチョとポム,39
C10370,ホイッスル!,40
C10372,王ドロボウ JING,13
C10374,リリパット王国,82
C10376,最終兵器彼女,14
C10378,SAMURAI DEEPER KYO,26
C10380,G-onらいだーす❤,13
C10382,Witch Hunter ロビン,26
C10384,朝霧の巫女,26
C10386,ドラゴンドライブ,38
C10388,ふぉうちゅんドッグす,39
C10390,円盤皇女 ワるきゅーレ,12
C10392,陸上防衛隊まおちゃん,26
C10398,プリンセスチュチュ,41
C10400,キ・ファイター テラン,26
C10402,魔王 ダンテ,13
C10404,ハングリーハート WILD STRIKER,50
C10406,アクエリアンエイジ Sign for Evolution,13
C10408,まほろまてぃっく Automatic Maiden ～もっと美しいもの～,15
C10410,OVERMAN キングゲイナー,27
C10412,ぷちぷり* ユーシィ,26
C10415,冒険者 THE MAN WAS FROM SPAIN,26
C10417,釣りバカ日誌,36
C10419,ワンダーベビルくん,30
C10421,獣兵衛忍風帖NINJA * SCROLL龍宝玉篇,13
C10423,探偵学園Q,47
C10426,げんきげんきノンタン,15
C10428,奇鋼仙女 ロウラン,28
C10430,ポケットモンスター アドバンスジェネレーション,192
C10432,Weｉβ kreuz Glühen,14
C10436,バロムワン,14
C10438,［おどれ!タイポ］［第2期］,6
C10440,忍たま乱太郎［第10期］,82
C10444,らいむいろ戦奇譚明治日本、乙女 防人ス。,13
C10446,L/RLicensed by Royal,13
C10448,.hack//黄昏の腕輪伝説,12
C10450,ななか6/17,12
C10452,THEビッグオー[第2期],13
C10454,STRATOS4,13
C10456,WOLF'SRAIN,26
C10458,東京ムービー劇場梅四エッキス,13
C10460,SUBMARINESUPER 99,13
C10462,SaintBeast 四聖獣 ～聖獣降臨編～,8
C10464,ウルトラマニアック,26
C10468,CINDERELLABOY,13
C10470,HAPPY★LESSON ADVANCE,13
C10472,グリーングリーン,13
C10474,おねがい☆ツインズ,12
C10476,爆転シュートベイブレード Gレボリューション,51
C10478,MO*USE[マウス],12
C10480,出撃! マシンロボ レスキュー,53
C10482,超ロボット生命体トランスフォーマー マイクロン伝説,52
C10484,魔法遣いに大切なことSOMEDAY'sDREAMERS,12
C10488,GUNPARADEMARCH 新たなる行軍歌,12
C10490,魔獣戦線THE APOCALYPSE,13
C10492,明日のナージャ,50
C10494,クラッシュギアNitro,50
C10496,かっぱまき,130
C10498,天使のしっぽchu!,11
C10504,スクラップド・プリンセス,24
C10506,エアマスター,27
C10508,E'S OTHERWISE,26
C10510,宇宙のステルヴィア,26
C10512,カレイドスター,35
C10514,D・N・ANGELTV AnimationSeries,26
C10516,冒険遊記 プラスターワールド,52
C10518,人間交差点,13
C10520,魔探偵ロキRAGNAROK,26
C10522,無限戦記 ポトリス TANK KNIGHTS PORTRISS,52
C10524,ASTRO BOY 鉄腕アトム,52
C10527,瓶詰妖精,13
C10529,プラネテス ΠΛΑΝΗΤΕΣ,26
C10531,ロックマン エグゼ AXESS,51
C10532,金色の ガッシュベル!!,150
C10534,ソニックX,52
C10536,デ・ジ・キャラットにょ,52
C10538,成恵の世界,12
C10540,FIRE STORM,26
C10542,妄想科学シリーズ ワンダバスタイル,12
C10544,コロッケ!［第1期］,52
C10546,キノの旅the Beautiful World,13
C10548,DEAR BOYS,26
C10550,LASTEXILE,26
C10552,カスミン[第3期],26
C10553,GAD GUARD,19
C10555,TEXHNOLYZE,20
C10557,クロノクルセイド Mary Magdalene,24
C10559,ふたつの スピカ,20
C10561,ボボボーボ・ ボーボボ,77
C10565,ギャラクシーエンジェルS[第3期][スペシャル],2
C10567,GO!GO! カートくん,12
C10569,おじゃる丸[第6期］,90
C10571,忍たま乱太郎[第11期],82
C10573,トントンあったとにいがたの昔ばなし,13
C10575,カレイドスター 新たなる翼,16
C10577,MEZZO DANGER SERVICE AGENCY,13
C10579,超重神グラヴィオンZwei,12
C10581,ゆめりあ,12
C10583,光と水のダフネ DAPHNE IN THE BRILLIANT BLUE,25
C10585,北へ。 Diamond Dust Drops,12
C10590,Divergence EVE,13
C10592,住めば都のコスモス荘すっとこ大戦ドッコイダー,12
C10594,D.C. ダ・カーポ,26
C10596,高橋留美子劇場,13
C10598,骸なる星 珠たる子 なるたる,13
C10600,ぽぽたん,12
C10602,一騎当千,13
C10606,まっすぐにいこう。,4
C10608,ちっちゃな雪使い　シュガ～　特別編,2
C10616,フルメタル・パニック?ふもっふ,11
C10620,PAPUWA,26
C10622,勇午 交渉人,13
C10628,福島民話館 ねえ みんな…,56
C10630,AVENGER,13
C10632,円盤皇女[ゆーふぉーぷりんせす] ワるきゅーレ 十二月の夜想曲,12
C10634,bpS バトルプログラマーシラセ,15
C10636,お茶犬 ちょこっとものがたり,26
C10638,Gungrave,26
C10640,【真月譚】 月姫,12
C10642,ジェイコブの屋根,10
C10647,神魂合体ゴーダンナー!!,13
C10649,最遊記RELOAD,25
C10651,魁!! クロマティ高校,26
C10653,ヤミと帽子と本の旅人,13
C10655,京極夏彦 巷説百物語,13
C10657,鋼の錬金術師,52
C10659,おもいっきり科学アドベンチャー そーなんだ!,26
C10661,君が望む永遠,14
C10663,銀河鉄道物語,26
C10665,高橋留美子劇場 人魚の森,11
C10667,ポポロクロイス,26
C10669,F-ZERO ファルコン伝説,51
C10671,Gilgamesh,25
C10673,わがまま★フェアリーミルモでポン! ごおるでん,24
C10675,PEACE MAKER 鐵,24
C10677,GUNSLINGER GIRL.,14
C10679,藍より青し ～縁～,12
C10682,愛してるぜベイベ★★,26
C10684,まぶらほ,24
C10686,無人惑星サヴァイヴ,53
C10691,攻殻機動隊 S.A.C. 2nd GIG GHOST IN THE SHELL “STAND ALONE COMPLEX“,27
C10699,B-伝説［ビーレジェンド］! バトルビーダマン,52
C10701,SDガンダムフォース,52
C10703,ごくせん,13
C10705,十兵衛ちゃん② ―シベリア柳生の逆襲―,13
C10707,マリア様がみてる,13
C10709,エリア88,13
C10712,RAGNARÖK THE ANIMATION,26
C10714,トランスフォーマー スーパーリンク,52
C10716,モンキーターン,25
C10718,超変身コス∞プレイヤー,8
C10720,BURN-UP SCRAMBLE,12
C10724,かいけつゾロリ,52
C10726,ふたりはプリキュア,49
C10728,妄想代理人,23
C10730,まっすぐにいこう。［第2期］,5
C10732,ヒットをねらえ!,8
C10734,機動戦士 ガンダムSEED [- 虚空の戦場 -],2
C10736,火の鳥,15
C10739,トリニティ・ブラッド,24
C10741,フルメタル・パニック! TSR［The Second Raid］,14
C10747,AIR ［IN SUMMER］,2
C10751,強殖装甲 ガイバー The Bioboosted Armor,27
C10755,スキマの国のポルタ,13
C10757,ロックマンエグゼBEAST,25
C10762,最遊記RELOAD GUNLOCK,26
C10764,モリゾーとキッコロ［第1期］,26
C10766,絶体絶命 でんぢゃらす じーさん ［第2期］,51
C10768,神魂合体ゴーダンナー!! SECOND SEASON,13
C10770,爆裂天使,24
C10772,忘却の旋律,24
C10774,キン肉マンⅡ世 ULTIMATE MUSCLE,13
C10776,GANTZ ～the first stage～,12
C10778,ぷぎゅる,13
C10780,頭文字［［イニシャル］］D Fourth Stage,25
C10782,ROBONIMAL パンダーゼット THE ROBONIMATION,31
C10784,じゃがいぬくん,26
C10786,絢爛舞踏祭 ザ・マーズ・デイブレイク,26
C10788,恋風,13
C10790,この醜くも 美しい世界,12
C10792,天上天下,24
C10794,とっとこハム太郎 はむはむぱらだいちゅ!,103
C10795,今日から 〔○マ〕王![第1期],50
C10797,ケロロ軍曹,358
C10799,DAN DOH!!,26
C10801,マーメイドメロディー ぴちぴちピッチ ピュア,39
C10803,それいけ! ズッコケ三人組,26
C10805,超ぽじてぃぶ! ファイターズ,34
C10807,マシュマロ通信［タイムズ］,52
C10809,美鳥の日々,13
C10811,じゃがいぬくん［シリーズ］,26
C10813,レジェンズ 甦る竜王伝説,50
C10815,Get Ride! アムドライバー,51
C10816,神無月の巫女,12
C10818,ななみちゃん,12
C10821,VIEWTIFUL JOE,51
C10823,魔法少女リリカルなのは,13
C10826,せんせいの お時間 DOKI DOKI SCHOOL HOURS,13
C10828,花右京メイド隊 La Verite,12
C10830,わがまま★フェアリーミルモでポン! わんだほう,48
C10832,MADLAX,26
C10834,陸奥圓明流外伝 修羅の刻,26
C10836,MONSTER,75
C10837,鉄人28号［第3作］,26
C10839,魔法少女隊アルス,40
C10841,デュエル・マスターズ チャージ,7
C10843,サムライ チャンプルー,17
C10845,LOVE❤LOVE?,9
C10847,ちぃちゃんとヒゲおじさん,10
C10849,Wind -a breath of heart-,13
C10851,東奔西走スクールライフANIMATION 月は東に日は西に ―Operation Sanctuary―,13
C10853,留守電アワー SODANブラザーズ,25
C10857,こいこい7,13
C10859,IZUMO 猛き剣の閃記,12
C10862,ゾイドフューザーズ,26
C10864,SAMURAI 7,26
C10866,KURAU Phantom Memory,24
C10868,おジャ魔女どれみナ・イ・ショ,13
C10870,ポストペット モモ便,24
C10872,モンキーターンV,25
C10874,GIRLSブラボー first season,11
C10876,ニニンが シノブ伝 THE NONSENSE KUNOICHI FICTION,12
C10880,Re❤キューティーハニー,3
C10882,エルフェン リート,14
C10884,機動戦士 ガンダムSEED [- 遥かなる暁 -],2
C10886,アガサ・クリスティーの名探偵ポワロとマープル,39
C10888,マリア様がみてる 春,13
C10890,蒼穹のファフナー Dead Aggressor,26
C10892,お伽草子,26
C10894,ギャラクシーエンジェル［第4期］,13
C10896,DearS,13
C10900,モンキー・パンチ 漫画活動大写真,13
C10904,宇宙交響詩メーテル 銀河鉄道999 外伝,13
C10908,風人物語,14
C10910,カレーの国のコバ～ル,13
C10912,陰陽大戦記,52
C10914,冒険王 ビィト BEET THE VANDEL BUSTER,52
C10916,舞-HiME,26
C10920,To Heart Remember my memories,13
C10922,うた∽かた,12
C10924,W Wish ダブルウィッシュ,13
C10926,Φなる・ あぷろーち,13
C10928,カッパの飼い方,26
C10930,みどりのくにの こえだちゃん,256
C10932,サムライガン,12
C10934,巌窟王,24
C10936,リングにかけろ 1,12
C10938,Legend of DUO,12
C10940,アークエと ガッチンポー,13
C10942,下級生2 ～瞳の中の少女たち～,13
C10944,ロックマンエグゼStream,51
C10946,Sweet Valerian,18
C10947,魔法先生 ネギま!,26
C10949,アークエと ガッチンポーてんこもり,12
C10951,ああっ女神さまっ,25
C10953,ピーチガール,25
C10955,B-伝説［ビーレジェンド］! バトルビーダマン炎魂［ファイヤースピリッツ］!,51
C10957,まほらば Heartful days,26
C10959,BUZZER BEATER,13
C10961,ふたりは プリキュアMax Heart,47
C10963,増田こうすけ劇場 ギャグマンガ日和,12
C10965,まじめにふまじめ かいけつゾロリ,97
C10969,流星戦隊ムスメット　／　流星戦隊オトメット　／　帰ってきた! 流星戦隊ムスメット,13
C10972,School Rumble,26
C10974,砂ぼうず,24
C10976,レ・ミゼラブル 少女コゼット,52
C10978,がくえんゆーとぴあ まなびストレート!,12
C10980,VenusVersusVirus,12
C10982,のだめ カンタービレ,23
C10984,ひだまりスケッチ,14
C10986,月面兎兵器ミーナ,11
C10988,ToHeart2,14
C10990,獣装機攻ダンクーガノヴァ,13
C10992,NARUTO疾風伝,490
C10993,月詠 MOON PHASE,25
C10995,ファンタジック チルドレン,26
C10997,BLEACH,369
C10999,tactics,25
C11001,遙かなる時空のなかで 八葉抄,26
C11003,遊☆戯☆王 デュエルモンスターズ GX,180
C11005,双恋,13
C11007,BECK MONGORIAN CHOP SQUAD,26
C11009,ジパング,26
C11011,Rozen Maiden,12
C11013,機動戦士 ガンダム S［シード］ DESTINy,51
C11017,げんしけん,12
C11019,ブラックジャック,63
C11021,焼きたて!! ジャぱん,69
C11023,グレネーダー ほほえみの閃士,13
C11025,学園アリス,27
C11027,吟遊黙示録 マイネリーベ,13
C11029,メジャー,26
C11033,おれたちイジワルケイ,14
C11037,コロッケ!［第2期］,27
C11039,いない いない ばあっ!［第9期］,89
C11041,パンツぱんくろう,95
C11043,おじゃる丸［第7期］,90
C11045,忍たま乱太郎［第12期］,83
C11047,えいごでいっしょ! WAKU★WAKU ペンギー★ DOKI▼DOKI アドベンチャー,13
C11049,みらくる! ぱんぞう,20
C11051,ぴりっとQ［第2期］,10
C11053,U.H.O. フューチャーレスキュー2061,22
C11055,GANTZ ［地上波未放送篇］,13
C11059,［ぶんちゃかトリオ］,27
C11063,まじかるカナン,13
C11067,Starship Operators,13
C11069,らいむいろ流奇譚 X［cross］ ～恋、教ヘテクダサイ。～,13
C11071,Xenosaga THE ANIMATION,12
C11073,AIR,13
C11075,トランスフォーマー ギャラクシーフォース,52
C11077,ギャラリーフェイク,39
C11079,好きなものは好きだからしｮうがない!!,12
C11081,アルティメットガール,12
C11083,だめっこどうぶつ,26
C11085,GIRLSブラボー second season,13
C11087,NePoS NaPoS,26
C11089,モンチッチ,26
C11091,JINKI:EXTEND,12
C11093,英國戀物語エマ,12
C11095,こみっくパーティーRevolution,13
C11097,LOVELESS,13
C11099,SPEED GRAPHER,24
C11103,バジリスク 甲賀忍法帖,24
C11105,わがまま☆フェアリー ミルモでポン! ちゃあみんぐ,22
C11106,ふしぎ星の★ふたご姫,52
C11108,おねがいマイメロディ,52
C11110,MÄR メルヘヴン MÄRCHEN AWAKENS ROMANCE,102
C11112,うえきの法則,51
C11114,エレメンタル ジェレイド,26
C11116,創聖のアクエリオン,26
C11119,アイシールド21,145
C11121,いちご100％,12
C11123,ガラスの仮面［新］,51
C11125,甲虫王者ムシキング 森の民の伝説,52
C11127,極上生徒会,26
C11129,フタコイ オルタナティブ,13
C11131,おでんくん The Adventure of Oden-kun[第1期],39
C11133,これが私の御主人様,12
C11135,ツバサ・クロニクル　年代記[第1期],26
C11137,ゾイド ジェネシス,50
C11139,ハチミツとクローバー,24
C11141,交響詩篇 エウレカセブン,51
C11143,新釈 戦国英雄伝説 眞田十勇士 ─The Animation─ ［シリーズ］,12
C11146,絶対少年,26
C11148,雪の女王,42
C11150,パタリロ 西遊記!,26
C11152,かみちゅ!,12
C11154,あまえ ないでよっ!!,13
C11156,機動新撰組 萌えよ剣TV,13
C11158,おくさまは 女子高生,13
C11160,FNS地球特捜隊 ダイバスター［スペシャル］,2
C11162,苺ましまろ,12
C11164,シュガシュガルーン,51
C11166,D.C.S.S. ～ダ・カーポ セカンドシーズン～,26
C11168,奥さまは 魔法少女 Bewitched Arnès,13
C11170,ぱにぽにだっしゅ!,26
C11172,ガン×ソード,26
C11174,プレイボール,13
C11176,涼風［すずか］,26
C11178,TIDE-LINE BLUE,12
C11180,SHUFFLE!,24
C11182,ぺとぺとさん,13
C11184,ひまわりっ!!,14
C11187,CLUSTER EDGE,25
C11189,Solty Rei,24
C11191,銀盤 カレイドスコープ,12
C11193,福島民話館 ねぇ みんな…2,48
C11195,韋駄天翔［イダテンジャンプ］,52
C11197,格闘美神 武龍［ウーロン］,25
C11199,魔法少女リリカルなのはA's,13
C11201,Canvas2 キャンバス2～虹色のスケッチ～,24
C11203,はっぴぃセブン ～ざ・テレビまんが～,13
C11205,アニマル横町,104
C11207,Angel Heart,51
C11209,capeta,52
C11211,ガンパレード・オーケストラ,24
C11213,地獄少女,27
C11215,闘牌伝説 アカギ 闇に舞い降りた天才,26
C11217,ARIA The ANIMATION,13
C11219,IGPX Immortal Grand Prix,26
C11221,こてんこてんこ,106
C11223,灼眼のシャナ,25
C11225,冒険王ビィト エクセリオン BEET THE VANDEL BUSTER,25
C11227,BLACK CAT,24
C11229,舞-乙HiME［マイオトメ］,26
C11231,BLOOD+,52
C11233,ラムネ,12
C11235,ノエイン もうひとりの君へ,24
C11237,Paradise kiss,12
C11239,Rozen Maiden träumend,12
C11241,蟲師,27
C11243,銀牙伝説WEED,26
C11245,かりん,24
C11247,ガイキング REGEND OF DAIKU-MARYU,39
C11253,南の島の小さな飛行機バーディー[第1期],14
C11257,モリゾーとキッコロ ［第2期］,26
C11259,サムライチャンプルー［セカンドシーズン］,9
C11261,こちら葛飾区 亀有公園前 派出所 [スペシャル] 走れ! 両津式チンチン電車 ～思い出の大次郎号～,1
C11265,こちら葛飾区 亀有公園前 派出所 [スペシャル] 両津の 浅草リニューアル 大作戦!! ～あぁ 思い出の花やしき～,1
C11267,Hello Kittyりんごの森のミステリー,13
C11269,恋する天使 アンジェリーク ～かがやきの明日～,12
C11273,SHUFFLE!memories,12
C11275,MASTER of EPIC The AnimationAge,12
C11277,東京魔人學園剣風帖 龍*,14
C11279,京四郎と永遠の空,12
C11281,Saint October,26
C11283,デルトラクエスト,65
C11286,らき☆すた,24
C11288,怪物王女,25
C11290,風のスティグマ[風の聖痕],24
C11292,おおきく振りかぶって,25
C11296,アニ*クリ15,27
C11298,爆丸バトルブローラーズ,51
C11300,Romeo×Juliet,25
C11302,かみちゃまかりん,26
C11304,鋼鉄三国志,25
C11306,DARKER THANBLACK黒の契約者,25
C11308,ぼくらの,25
C11309,電脳コイルCOIL A CIRCLE OF CHILDREN,29
C11310,風の少女エミリー,26
C11312,精霊の守り人,27
C11314,sola,13
C11316,地球[テラ]へ・・・,26
C11318,BLUE DRAGON,52
C11320,ラブ★コンLOVELY★COMPLEX,25
C11322,機動戦士ガンダム00,26
C11324,しゅごキャラ!,51
C11326,まめうしくん,52
C11328,ef -a tale of memories.,12
C11330,キミキスpure rouge,25
C11333,Yes!プリキュア5,49
C11335,古代王者恐竜キングDキッズ・アドベンチャー,49
C11337,ロケットガール,12
C11339,一騎当千Dragon Destiny,13
C11341,MOONLIGHTMILE1stシーズンLift off,14
C11343,REIDEEN,26
C11345,ひとひら,12
C11347,おねがいマイメロディすっきり♪,52
C11349,ロビー＆[と]ケロビー,52
C11353,SUGAR BUNNIES,26
C11355,桃華月憚,26
C11357,SaintBeast光陰叙事詩天使譚,13
C11359,やさいのようせいN.Y. SALAD,26
C11361,Shining Tears X Wind,13
C11365,スパイダーライダーズよみがえる太陽,27
C11367,英國戀物語 エマ 第ニ幕,12
C11369,スカルマン,13
C11371,ゲゲゲの鬼太郎[第5作],100
C11373,天元突破グレンラガン,27
C11375,ハヤテのごとく!Hayate the combat butler,52
C11377,瀬戸の花嫁,26
C11379,ヒロイック・エイジ,26
C11381,魔法少女リリカルなのはStrikerS,26
C11383,アイドルマスターXENOGLOSSIA,26
C11385,エル・カザドEL CAZADOR DE LA BRUJA,26
C11387,OverDrive,26
C11389,大江戸ロケット,26
C11391,キスダムENGAGE planet,26
C11393,CLAYMORE,26
C11395,この青空に約束を─～ようこそつぐみ寮へ～,13
C11397,神曲奏界ポリフォニカ,12
C11399,機神大戦ギガンティック・フォーミュラ,26
C11401,鋼鉄神ジーグ,13
C11403,ながされて藍蘭島,26
C11406,トレジャーガウスト,5
C11408,Devil May Cry,13
C11410,湾岸MIDNIGHT,26
C11412,鉄子の旅,14
C11414,CODE-E,12
C11416,ドージンワーク,12
C11418,はぴはぴクローバー,13
C11424,ななついろ★ドロップスFirst love that encompasses you,12
C11426,ケンコー全裸系水泳部ウミショー,13
C11428,School Days,12
C11430,ZOMBIE-LOAN,11
C11432,BUZZER BEATER,13
C11434,スカイガールズ,26
C11436,ひぐらしのなく頃に解,24
C11438,ムシウタ Dreamer's hopeless and intense desire.,12
C11440,ぽてまよ,12
C11442,さよなら絶望先生,12
C11444,ゼロの使い魔双月の騎士,12
C11446,もえたん,13
C11448,モノノ怪,12
C11450,シグルイ,13
C11452,BACCANO!,13
C11464,シャンプー王子,12
C11466,D.C.Ⅱ～ダ・カーポⅡ～,13
C11468,Hello Kitty りんごの森とパラレルタウン,26
C11470,デュエル・マスターズゼロ,25
C11472,天才?Dr.ハマックス,12
C11474,やっとかめ探偵団,14
C11476,PRISM ARK,12
C11478,こどものじかん,12
C11480,サンリオぽこあぽこ,13
C11483,一期一会恋バナ友バナ,13
C11485,スケッチブック～full color'S～,13
C11487,バンブーブレード,26
C11489,BLUE DROP 天使達の戯曲,13
C11491,逆境無頼カイジUltimate Survivor,26
C11493,素敵探偵ラビリンス,25
C11495,ナイトウィザードThe ANIMATION,13
C11498,Myself;Yourself,13
C11500,魔人探偵脳噛ネウロ,25
C11502,もっけ,24
C11504,ご愁傷さま二ノ宮くん,12
C11506,DRAGONAUT-THE RESONANCE-,25
C11508,CLANNAD,23
C11510,灼眼のシャナ Ⅱ[Second],24
C11512,逮捕しちゃうぞフルスロットル,23
C11514,はたらキッズ マイハム組,50
C11516,ぷるるんっ! しずくちゃん あはっ☆,51
C11521,ペンギン の問題,102
C11523,Rocket!ぼくらを月につれてって新・月世界旅行,5
C11525,家電漫才ジョンテレビSHOW,25
C11527,はっけん たいけんだいすき!しまじろう,108
C11529,ファイアボール,13
C11531,秘密[トップシークレット]The Revelation,26
C11533,カイバ,12
C11536,ヴァンパイア騎士[ナイト]Guilty,13
C11538,紅 KURENAI,12
C11540,ToLOVEる,26
C11542,あまつき,13
C11544,SUGAR BUNNIESショコラ!,26
C11547,あやまるアニマル,18
C11549,ef-a tale of melodies.,13
C11551,Disneyスティッチ!,26
C11553,伯爵と妖精,12
C11555,Maple Story,25
C11557,獣神演武 HERO TALES,26
C11559,みなみけ,13
C11561,レンタル×マギカ,24
C11563,げんしけん2,12
C11565,もやしもんTALES OF AGRICULTURE,11
C11567,しおんの王The Powers of Hard Blood,22
C11569,神霊狩/GHOST HOUND,23
C11571,ボノロン～不思議な森のいいつたえ～,26
C11575,流星のロックマントライブ,21
C11577,エレキングthe Animation,13
C11579,金田一少年の事件簿 SP[スペシャル],2
C11581,20th Anniversaryああっ女神さまっ闘う翼,2
C11583,AYAKASHI,12
C11587,おしゃべりなちゅどんズ,26
C11591,H2O～FOOTPRINTS IN THE SAND～,12
C11593,全力ウサギ,52
C11595,破天荒遊戯,10
C11599,attacked kuma3[第1期],11
C11601,君が主で執事が俺でThey are my noble Masters,13
C11603,シゴフミ,12
C11605,true tears,14
C11607,のらみみ,12
C11609,教えて! 土管くん,5
C11611,onちゃん[第1期],26
C11613,ロザリオとバンパイア,13
C11615,【俗・】さよなら絶望先生,13
C11617,ポルフィの長い旅,52
C11619,みなみけ おかわり,13
C11621,ARIAThe ORIGINATION,13
C11623,GUNSLINGER GIRL.IL TEATRINO,18
C11625,狼と香辛料,13
C11627,墓場鬼太郎,11
C11631,ヤッターマン,63
C11635,古代王者 恐竜キング Dキッズ・アドベンチャー 翼竜伝説,30
C11637,Mnemosyne-ムネモシュネの娘たち─,18
C11641,Yes!プリキュア5 Go Go!,48
C11643,BUS GAMER,3
C11645,増田こうすけ劇場ギャグマンガ日和3,13
C11647,チーズスイートホーム,104
C11649,リトル・チャロ,54
C11652,かのこん,12
C11654,デュエル・マスターズ クロス,102
C11655,忍者玉丸,26
C11656,Qファイターズ!チョロQデッキシステム,5
C11658,Mission E,12
C11660,天体戦士サンレッド,26
C11662,イナズマイレブン,127
C11664,THE UNKNOWN GIRL FRIENDケメコデラックス!,12
C11666,とある魔術の禁書目録[インデックス],24
C11668,ライブオンCARDLIVER 翔[かける],51
C11670,喰霊-零-,12
C11672,今日の5の2,13
C11674,スキップ・ビート!,25
C11676,まかでみWAっしょい!,12
C11677,東のエデン Air Communication,12
C11679,初恋限定。[ハツコイリミテッド],13
C11681,遊☆戯☆王5D'S,154
C11683,アリソンとリリア,26
C11684,のだめカンタービレ巴里編,11
C11686,純情ロマンチカ2,12
C11687,戦国BASARA,12
C11689,けいおん!,13
C11691,バスカッシュ!,26
C11693,PandoraHearts,25
C11695,Phantom Requiem for the Phantom,26
C11697,聖剣の刀鍛冶[ブラックスミス],12
C11699,そらのおとしもの,13
C11701,チェブラーシカあれれ?,18
C11703,リストランテ・パラディーゾ,11
C11706,xxxHOLiC◆継[ケイ],13
C11708,マクロスF[フロンティア],27
C11710,THE ANIMATIONドルアーガの塔the Aegis of URUK,12
C11712,BLUE DRAGON天界の七竜,51
C11714,おねがい マイメロディ きららっ★,52
C11716,仮面のメイドガイ,12
C11718,コードギアス反逆のルルーシュ R2,26
C11720,絶対可憐チルドレン,52
C11722,D.C.Ⅱ S.S.,13
C11724,ネットゴーストPIPOPA,51
C11726,BLASSREITER,25
C11728,S・Aスペシャル・エー,25
C11730,SOUL・EATER,52
C11732,隠の王,26
C11734,Neo AngeliqueAbyss,13
C11736,我が家のお稲荷さま。,24
C11738,ヴァンパイア騎士[ナイト],13
C11740,うちの3姉妹,102
C11742,モノクローム・ファクター,24
C11744,RD 潜脳調査室,26
C11746,CRYSTAL BLAZE,12
C11748,純情ロマンチカ,12
C11750,図書館戦争,12
C11752,ゴルゴ13,50
C11754,狂乱家族日記,26
C11756,二十面相の娘,22
C11760,RoBoDz風雲篇,26
C11762,一騎当千Great Guardians,12
C11764,テレパシー少女❤蘭,26
C11766,ULTRAVIOLETCode 044,13
C11768,スケアクロウマンSCARECROWMAN THE ANIMATION,26
C11772,ゼロの使い魔三美姫の輪舞[プリンセッセ][ロンド],12
C11774,WORLDDESTRUCTION世界撲滅の六人,13
C11776,恋姫†無双,12
C11778,無限の住人BLADEOF THE IMMORTAL,13
C11780,いじいじくん,20
C11782,セキレイ,12
C11784,スレイヤーズREVOLUTION,13
C11786,魔法遣いに大切なこと～夏のソラ～,12
C11788,ストライクウィッチーズ,12
C11790,西洋骨董洋菓子店～アンティーク～,12
C11792,ひだまりスケッチ×365,13
C11794,鉄腕バーディーDECODE,13
C11796,薬師寺涼子の怪奇事件簿,13
C11798,Neo Angelique Abyss Second Age,13
C11800,夏目友人帳,14
C11802,乃木坂春香の秘密,13
C11810,バトルスピリッツ少年突破バシン,50
C11812,のらみみ2,12
C11814,開運 大便小僧,26
C11816,熱走!亀1グランプリ,13
C11818,ネットミラクルショッピング[第1期],7
C11820,カン・ゴローの四字熟語な生活,22
C11822,絶対やれるギリシャ神話,13
C11824,黒塚 KUROZUKA,13
C11826,純愛コスメティックアニメ美肌一族,12
C11828,魍魎の匣,13
C11830,"ONE OUTS Nobody wins,but I!",25
C11832,カオス;ヘッド,12
C11834,ねぎぼうずのあさたろう,48
C11838,キャシャーンSins,24
C11840,屍姫赫,13
C11842,とらドラ!,25
C11844,ヒャッコ,13
C11846,ロザリオとバンパイア CAPU 2[チュ～]❤,13
C11848,あかね色に染まる坂,12
C11850,CLANNAD ～AFTER STORY～,24
C11852,黒執事,26
C11854,TALES OF THE ABYSS,26
C11856,北斗の拳 ラオウ外伝 天の覇王,13
C11858,夜桜四重奏[カルテット],12
C11860,かんなぎCrazy Shrine Maidens,13
C11862,鉄のラインバレル,24
C11864,地獄少女 三鼎,27
C11866,しゅごキャラ!! どきっ,51
C11868,TYTANIA,26
C11871,DARKER THAN BLACK 流星の双子,12
C11873,はなまる 幼稚園,12
C11875,刀語[カタナガタリ],12
C11877,ハートキャッチプリキュア!,49
C11879,ミチコとハッチン,22
C11881,お茶犬緑[リョク]っとものがたり,13
C11883,おねがい!ポクポン,13
C11887,聖闘士星矢冥王 ハーデスエリシオン編,6
C11890,屍 姫 玄,12
C11892,アキカン!,12
C11894,WHITE ALBUM[第1期],13
C11896,まりあ†ほりっく,12
C11898,VIPER'S CREED,13
C11900,はじめの 一歩 THE FIGHTING! NewChallenger,26
C11902,明日のよいち!,12
C11904,黒神The Animation,24
C11906,THE ANIMATIONドルアーガの塔the Sword of URUK,12
C11908,クプ～!!まめゴマ!,51
C11910,エグザムライ戦国,25
C11912,スレイヤーズEVOLUTION-R,13
C11914,源氏物語千年紀Genji,11
C11916,マリア様がみてる[第4期],13
C11918,みなみけおかえり,13
C11920,続夏目友人帳,13
C11922,宇宙[そら]をかける少女,26
C11924,獣の奏者 エリン,60
C11926,鉄腕バーディーDECODE:02,13
C11928,鋼殻のレギオス,24
C11930,RIDEBACK,12
C11932,空を見上げる少女の瞳に映る世界,9
C11934,フレッシュプリキュア!,50
C11936,金色のコルダsecondo passo,2
C11938,クッキンアイドルアイ!マイ!まいん!,80
C11940,チーズスイートホームあたらしいおうち,104
C11944,マリー＆ガリー,40
C11948,キャラディのジョ～クな毎日,397
C11950,QUEEN'S BLADE 流浪の戦士,12
C11952,涼宮ハルヒの憂鬱[第2期],14
C11954,ヒゲぴよ,39
C11955,こんにちは アン before green gables,39
C11957,咲Saki,25
C11959,ティアーズ・トゥ・ティアラ,26
C11963,SUGAR BUNNIES フルール,26
C11965,07-GHOST,25
C11969,毎日かあさん,142
C11971,アスラクライン,13
C11973,アラド戦記スラップアップパーティー,26
C11975,極上!! めちゃモテ 委員長,53
C11976,QUEEN'S BLADE 玉座を継ぐ者,12
C11978,バトルスピリッツ 少年激覇ダン,50
C11983,爆丸 バトルブローラーズ ニューヴェストロイア,54
C11988,デジモン クロスウォーズ,30
C11990,ぬらりひょんの孫,25
C11992,Hello Kitty りんごの森のファンタジー,13
C11994,アニメ 冬のソナタ,27
C11996,ひだまりスケッチ×365[特別編],4
C11998,まほろまてぃっくAutomatic Maidenただいま◇おかえり,2
C12000,アスラ クライン 2,13
C12002,マリー ＆ ガリー Ver[ばーじょん].2.0,32
C12004,一騎当千 XTREME XECUTOR,12
C12005,セキレイ Pure Engagement,12
C12007,世紀末 オカルト学院,13
C12009,真マジンガー衝撃! Z編on television,26
C12013,GUIN SAGA,26
C12015,クロス×ゲーム,50
C12017,ジュエルペット,52
C12019,神曲奏界ポリフォニカcrimson S,12
C12021,戦場のヴァルキュリアVALKYRIA・CHRONICLES,26
C12023,DRAGON BALL KAI,97
C12025,鋼の錬金術師 FULLMETAL ALCHEMIST,65
C12027,花咲ける 青少年,45
C12029,メタルファイトベイブレード,51
C12031,シャングリ・ラ,24
C12033,タユタマkissonmyDeity,12
C12035,夏のあらし!,13
C12037,蒼天航路,26
C12039,うんこさん,13
C12043,ヴァイス・サヴァイヴ,16
C12045,うみものがたり～あなたがいてくれたコト～,12
C12047,ファイト一発!充電ちゃん!!,12
C12049,青い花 Sweet Blue Flowers,11
C12051,NEEDLESS,23
C12053,【懺・】さよなら絶望先生,13
C12055,プリンセスラバー!,12
C12057,GA 芸術科アートデザインクラス,12
C12059,狼と香辛料Ⅱ,12
C12061,よくわかる現代魔法,13
C12063,うみねこのなく頃に,26
C12065,大正野球娘。,12
C12067,化物語,13
C12069,エレメントハンター,39
C12071,CANAAN,13
C12072,アニメ くるねこ[第1期],50
C12074,かなめも,13
C12076,宙[そら]のまにまに,12
C12078,東京マグニチュード8.0,12
C12082,炬燵猫,26
C12084,しゅご キャラ!!! どっきどきっ,25
C12086,しゅご キャラ! ぷっち ぷち,25
C12089,空中ブランコ,11
C12090,けんぷファー,12
C12092,戦う司書 The Book of Bantorra,28
C12094,にゃんこい!,12
C12096,生徒会の一存 碧陽学園生徒会議事録,12
C12098,テガミバチ,25
C12100,とある科学の 超電磁砲[レールガン],24
C12102,犬夜叉 完結編,26
C12104,夢色 パティシエール,50
C12106,あにゃまる探偵 キルミン ずぅ,50
C12108,真 恋姫†無双,12
C12110,夏のあらし! 春夏冬中[あきないちゅう],13
C12112,ミラクル☆トレイン～大江戸線へようこそ～,13
C12114,こばと。,24
C12116,乃木坂春香の 秘密 ぴゅあ れっつぁ♪,12
C12118,11eyes,12
C12120,君に届け,25
C12122,秘密結社鷹の爪カウントダウン,11
C12124,ささめきこと,13
C12126,ご姉弟物語,32
C12128,青い文学,12
C12130,たまごっち!,144
C12132,FAIRY TAIL,175
C12134,怪談レストラン,23
C12135,Disney スティッチ! いたずらエイリアンの大冒険,29
C12137,KIDDY GIRL-AND,24
C12141,ヴァイス* サヴァイヴR,12
C12143,ハヤテのごとく!!Hayate the combat batler2nd season,25
C12144,COBRA THE ANIMATION,13
C12146,ちゅーぶら!!,12
C12150,れでぃ×ぱと! Ladies versus Butlers!,12
C12152,怪盗レーニャ,12
C12156,のだめカンタービレ　フィナーレ,12
C12158,ソ・ラ・ノ・ヲ・ト,12
C12160,増田こうすけ劇場 ギャグ マンガ 日和 +[プラス],13
C12162,おまもりひまり,12
C12164,ダンス イン ザ ヴァンパイアバンド,13
C12166,バカとテスト と召喚獣,13
C12168,おおかみかくし,12
C12170,デュラララ!!,24
C12172,ひだまり スケッチ × ☆☆☆[ほしみっつ],12
C12174,聖痕の クェイサー,24
C12176,フラカッパー,104
C12178,エア・ギア,25
C12179,祝福のカンパネラ,12
C12181,生徒会 役員共,13
C12183,屍鬼,22
C12185,戦国 BASARA弐,12
C12189,あまえ ないでよっ!! 喝!!,13
C12191,鍵姫物語永久アリス輪舞曲［ロンド］,13
C12193,マジカノ,13
C12196,NANA,55
C12198,桜蘭高校ホスト部,26
C12201,はなかっぱ,75
C12203,リトル・チャロ2 英語に恋する物語,37
C12205,真 恋姫†無双 ～乙女大乱～,12
C12209,B型H系,12
C12211,リングにかけろ 1 影道編[SHADOW],6
C12213,Angel Beats!,13
C12215,ジュエルペット　てぃんくる☆,52
C12217,デュエル・マスターズ クロス ショック,51
C12221,GIANT KILLING,26
C12223,ひめ チェン! おとぎちっくアイドル リルぷりっ,51
C12225,Kiss × sis,12
C12227,しまじろう ヘソカ,105
C12231,まじっく快斗 KID THE PHANTOM THIEF 第1話 「蘇る怪盗」,1
C12233,HEROMAN,26
C12235,おおきく 振りかぶって ～夏の大会編～,13
C12237,会長は メイド様!,26
C12239,いちばんうしろの 大魔王,12
C12241,SD ガンダム 三国伝 Brave Battle Warriors,51
C12243,極上!! めちゃモテ 委員長 Second Collection,51
C12245,薄桜鬼 新選組 奇譚,12
C12247,メタルファイト ベイブレード 爆,51
C12249,WORKING!!,12
C12251,荒川アンダー ザ ブリッジ,13
C12253,閃光のナイトレイド,14
C12255,迷い猫 オーバーラン!,13
C12257,けいおん!!,26
C12259,RAINBOW 二舎六房の七人,26
C12261,裏切りは 僕の名前を知っている,24
C12263,さらい屋 五葉,13
C12265,四畳半神話大系,11
C12267,オオカミさんと 七人の仲間たち,12
C12269,黒執事Ⅱ,12
C12271,みつ どもえ,13
C12273,学園黙示録 HIGH SCHOOL OF THE DEAD,12
C12275,女子高生 “GIRL'S-HIGH”,12
C12277,Strawberry Panic,26
C12279,ガラスの艦隊 La legende du vent de l'univers,26
C12282,TOKKÔ 特公,15
C12284,もっと兼本さん宅,16
C12286,TAMA＆FRIENDS 探せ! 魔法のプニプニストーン,26
C12288,機神咆吼デモンベイン,12
C12290,神様家族,13
C12292,蛙男劇場,59
C12295,DiSNEY スティッチ! ずっと最高のトモダチ,29
C12297,ストライク ウィッチーズ2,12
C12299,あそびに いくヨ!,12
C12301,アマガミ SS,25
C12303,伝説の勇者の伝説,25
C12305,キン肉マンⅡ世 ULTIMATE MUSCLE 2,13
C12307,落語天女おゆい,12
C12309,Fate/stay night,24
C12311,LEMON ANGEL PROJECT,13
C12313,ワンワンセレプー それゆけ! 徹之進,51
C12315,陰からマモル!,12
C12317,タクティカルロア,13
C12319,爆球HIT! クラッシュビーダマン,50
C12321,よみがえる空 ──RESCUE WINGS,13
C12323,おろしたてミュージカル 練馬大根ブラザーズ,12
C12325,プレイボール 2nd,13
C12327,Funny Pets [第1期],12
C12329,かしまし ～ガール・ミーツ・ガール～,12
C12331,怪 ～ayakashi～ JAPANESE CLASSIC HORROR,11
C12333,半分の月がのぼる空,6
C12335,お茶犬 ～「ほっ」とものがたり～,13
C12337,吟遊黙示録マイネリーベ wieder,13
C12339,Kin-Qキッズ ★ おたすK隊,12
C12341,びんちょうタン,12
C12343,REC,10
C12345,ふたりは プリキュアSplash★Star,49
C12347,パピヨンローゼ New Season,6
C12349,Ergo Proxy,25
C12351,しにがみのバラッド。 Momo the girl god of death,6
C12355,学園ヘヴン BOY'S LOVE HYPER!,13
C12357,ふしぎ星の★ふたご姫 Gyu!,52
C12359,ぽかぽか森のラスカル,52
C12361,妖怪人間ベム［新］,26
C12363,おねがいマイメロディ くるくるシャッフル!,52
C12365,格闘美神 武龍[ウーロン] REBIRTH,25
C12367,牙 TV ANIMATION SERIES,51
C12369,Soul Link,13
C12371,デジモンセイバーズ,48
C12373,吉永さん家のガーゴイル,13
C12375,アクビ Girl,26
C12377,ARIA The NATURAL,30
C12379,School Rumble 二学期,26
C12381,涼宮ハルヒの憂鬱,14
C12383,ぜんまいざむらい,176
C12385,GEKIFU 妖逆門,51
C12387,味楽る! ミミカ [第1期],15
C12389,うたわれるもの,26
C12391,銀魂,201
C12393,SIMOUN,26
C12394,スパイダーライダーズ オラクルの勇者たち,26
C12396,とっとこ ハム太郎 は～い!,78
C12398,ひぐらしのなく頃に,26
C12400,恋する天使 アンジェリーク ～心のめざめる時～,13
C12402,となグラ!,13
C12404,家庭教師* ヒットマン REBORN! *［かてきょー］,198
C12406,くじびき❤アンバランス,12
C12408,サルゲッチュ ～オンエアー～ 2nd,51
C12410,地獄少女 二籠[ふたこもり],26
C12412,天保異聞 妖奇士,27
C12414,ぷるるんっ! しずくちゃん,51
C12416,流星のロックマン,56
C12419,キティズパラダイス,39
C12421,だんご3兄弟 あっという間劇場,77
C12423,ムーぽん[第2期],23
C12427,おじゃる丸［第3期］,90
C12428,魔界戦記 ディスガイア,12
C12430,ラブゲッCHU❤ ミラクル声優白書,26
C12432,錬金3級 まじかる? ぽか～ん,24
C12434,いぬかみっ!,26
C12436,WITCHBLADE,24
C12438,ゼーガペイン,26
C12440,.hack//Roots,26
C12442,プリンセス・プリンセス,12
C12444,吉宗,24
C12446,RAY THE ANIMATION,14
C12448,ああっ女神さまっ それぞれの翼,24
C12450,きらりん☆ レボリューション,102
C12452,しばわんこの和のこころ,73
C12454,xxxHOLiC,24
C12456,リングにかけろ1 -日米決戦編-,12
C12458,彩雲国物語,42
C12460,サルゲッチュ ～オンエアー～,26
C12462,西の善き魔女 Astrea Testament,13
C12464,ロックマンエグゼBEAST+,26
C12466,ひまわりっ!,13
C12468,BLACK LAGOON,12
C12470,GUN道 MUSASHI,30
C12472,夢使い,12
C12474,新星輝デュエル・マスターズ フラッシュ,24
C12476,ブラック.ジャック21,19
C12478,砂沙美☆魔法少女クラブ,13
C12480,姫様ご用心,12
C12482,ザ・サード 蒼い瞳の少女,24
C12484,獣王星,11
C12485,ハチミツとクローバーⅡ,12
C12487,貧乏姉妹物語,10
C12489,おとぎ銃士 赤ずきん,39
C12491,出ましたっ! パワパフガールズZ,52
C12493,Kanon［新］,24
C12495,Gift -eternal rainbow-,12
C12497,銀色のオリンシス TOKITO,12
C12499,コードギアス 反逆のルルーシュ,28
C12501,すもももももも ～地上最強のヨメ～,22
C12503,009-1,12
C12505,はぴねす! It's a happy ＆ heartful school life.,13
C12507,護くんに女神の祝福を!,24
C12508,乙女はお姉さま［ボク］に恋してる,12
C12509,祝［ハピ★ラキ］ビックリマン,46
C12511,結界師,54
C12512,つよきす Cool×Sweet,12
C12515,まもって! ロリポップ,13
C12517,ゼロの使い魔,13
C12519,和和和 ワッピちゃん,52
C12521,COYOTE Ragtime Show,12
C12523,僕等がいた,26
C12525,無敵看板娘,24
C12527,内閣権力犯罪強制取締官 財前丈太郎,11
C12530,史上最強の弟子 ケンイチ,50
C12532,けろけろけろっぴ はすのうえタウン危機一髪!,6
C12534,働きマン,12
C12536,Bartender,11
C12538,忍たま乱太郎[第7期],80
C12540,ぴりっとQ,68
C12545,N・H・Kにようこそ!,24
C12547,ちょこッとSister,24
C12549,iNNOCENT VENUS,12
C12551,NIGHT HEAD GENESIS,24
C12553,パッタ ポッタ モン太,44
C12555,増田こうすけ劇場 ギャグマンガ日和2,16
C12557,ケモノヅメ,14
C12559,HANOKA 葉ノ香,12
C12561,シュヴァリエ,25
C12563,BLACK BLOOD BROTHERS,12
C12565,シルクロード少年 ユート,27
C12567,ポケットモンスター ダイヤモンド＆パール,192
C12569,GALAXY ANGEL Ⅱ ギャラクシー エンジェる～ん,13
C12571,金色のコルダ ～primo passo～,25
C12573,Marginal Prince ─月桂樹の王子達─,13
C12575,ウサハナ 夢みるバレリーナ,7
C12577,D.Gray-man,103
C12579,ときめき メモリアル Only Love,25
C12581,パンプキン・シザーズ 帝国陸軍情報部第3課,24
C12583,BLACK LAGOON The Second Barrage,12
C12585,らぶドル Lovely Idol,12
C12587,ゴースト ハント,25
C12589,少年陰陽師,26
C12591,DEATH NOTE,39
C12593,ヤマトナデシコ七変化❤,25
C12595,RED GARDEN,22
C12597,銀河鉄道物語 ～永遠への分岐点～,24
C12599,人造昆虫カブトボーグVxV,52
C12601,スーパーロボット大戦 OG -ディバイン・ウォーズ-,26
C12603,蒼天の拳,22
C12605,武装錬金,26
C12607,夜明け前より瑠璃色な ─Crescent Love─,12
C12609,あさって の方向。,12
C12612,魔法食堂チャラポンタン,13
C12614,奏光のストレイン,13
C12616,TOKYO TRIBE 2,13
C12618,RGB ADVENTURE,10
C12620,うっかりペネロペ,26
C12622,すてき!さくらママ,18
C12626,ふしぎ大調査,20
C12628,超ぽじてぃぶ! ファイターズ 燃えるぜ焼けるぜ! シリーズ,26
C12630,おじゃる丸［第8期］,90
C12632,忍たま乱太郎［第13期］,58
C12635,クレイアニメ 太鼓の達人,13
C12637,ミカンせいじんの30秒学習,45
C12639,ドラえもん［新・第2期］,608
C12641,絶体絶命 でんぢゃらす じーさん [第3期],95
C12643,五味太郎 ことわざムービーズ,52
C12645,ななみちゃん ［第2期］,17
C12647,ももんがぁモン,10
C12655,ポケットモンスター ベストウイッシュ,86
C12657,ヒピラくん 原作/大友克洋,10
C12659,機動戦士ガンダム00[ダブルオー][第2期],27
C12663,カウボーイ ビバップ[WOWOW放送版],26
C12681,ドラえもん［新］,224
C12701,ひとりでできるもん!［第1期］,99
C12715,スペースオズの冒険,26
C12729,カラオケ戦士 マイク次郎,20
C12757,あずきちゃん[第2期],39
C12759,バーチャファイター[第2期],11
C12769,あずきちゃん[第3期],39
C12771,はりもぐハーリー[第2期],60
C12783,超特急ヒカリアン JAPAN HIKARIAN RAILROAD[第2期],52
C12785,ようこそロードス島へ!,27
C12797,アニメ!! ピンカと海のお友達,23
C12799,忍たま 乱太郎 [第8期],83
C12801,いない いないばあっ!［第5期］,31
C12803,Slimy Monsters ANGJA MONGJA[第2期],13
C12805,タイニー トゥーンズ,14
C12811,イナズマあざらし,16
C12813,おじゃる丸[第4期],90
C12815,忍たま乱太郎［第9期］,85
C12817,［おどれ!タイポ］［第1期］,10
C12819,いない いない ばあっ!［第6期］,102
C12823,Popin,10
C12825,［ボキャレース］,10
C12827,Yum. Yum. Yummy［第1期］,10
C12829,トッポとロージー,17
C12831,いない いない ばあっ!［第10期］,91
C12833,ポキポキ アニメ,9
C12835,ウキウキ わんちゃんず,46
C12837,オトナ語の謎。,24
C12838,だぁ!だぁ!だぁ! ［第2期］,41
C12840,Mr.Digital TOKORO the comical cartoon [第2期],120
C12844,ムービングマンガ劇場 恐怖の夢路館,4
C12846,兼本さん宅,31
C12848,ミニモニ。やるのだぴょん,66
C12850,伝説のワニ ジェイク,25
C12852,納涼発明大学 ～エジソンになれなかった男達～,9
C12856,クレヨンまる,25
C12858,バブーファクトリー,23
C12860,スマアニメ,26
C12870,火星は ぼくらの惑星だ!,2
C12874,いない いない ばあっ!［第7期］,100
C12876,でこぼこフレンズ,141
C12878,Popin［第2期］,4
C12880,［ボキャレース］［第2期］,6
C12882,クレヨンまるの ミラクルおえかき,31
C12884,Yum. Yum. Yummy[第2期],6
C12888,レッチュ ゲッチュ サルゲッチュ,76
C12890,FRAMY,7
C12892,バブーファクトリー［第2期］,17
C12894,TO-FU OYAKO,12
C12896,よばれてとびでて! アクビちゃん［第2期］,13
C12900,宇宙大作戦チョコベーダー,27
C12902,りぜるまいん［第2期］,12
C12904,ZoomZoo [キャラクター],12
C12906,ZoomZoo [ストーリー],23
C12908,ゴールド マッスル[改],10
C12910,DigiGirlデジガールPOP!STRAWBERRY ＆ POP MIX FLAVOR,26
C12914,マーメイドメロディー ぴちぴちピッチ,52
C12917,［おどれ!タイポ］［第3期］,6
C12919,いない いない ばあっ!［第8期］,85
C12921,てれび絵本,453
C12923,10本アニメ,23
C12925,Yum. Yum. Yummy[第3期],5
C12927,ayupan不思議の扉,19
C12929,ケロケロキングデラックス プラス,30
C12931,Low Brow,1
C12933,えいごでいっしょ! WAKU★WAKU ペンギー★,13
C12935,D.C. サイドエピソード,13
C12937,R.O.D THE TV,26
C12939,ミニモニ。じゃてーびぃー,15
C12941,GAD GUARD ［完全版］,26
C12943,絶体絶命 でんぢゃらす じーさん ［第1期］,75
C12945,トムトム★ブー,26
C12947,ハムハムとボク,48
C12951,ぱずりーず,20
C12958,みさきクロニクル ダイバージェンス・イヴ,13
C12963,どうする? ゆうきくん,48
C12969,CHIBIMARU,25
C12971,CITRUS TOWN,4
C12973,ON THE WAY COMEDY 道草,88
C12975,桂三枝の アニメで一席,4
C12977,PiNMeN ［リワーク］,8
C12979,THE WITCH VILLAGE STORY,24
C12983,ゴキブリ ちゃん,20
C12985,せかいのえほん,25
C12987,今日から〔○マ〕王!［第2期］,48
C12990,OH!くんアニメスペシャル OH!くんの OH!きな世界,6
C12992,Death Panda,8
C12994,トントンあったとにいがたの昔ばなし[第4期],26
C12996,太陽クラブ名作劇場恋の食べものがたり,4
C13000,聖闘士星矢冥王 ハーデス冥界編[後章],6
C13002,もっともっと兼本さん宅[石川番外篇],3
C13004,Rozen Maiden oüverture,2
C13006,Winter Garden,2
C13010,本マグロトロ太郎,26
C13012,ちょぼっと☆ちょボット,39
C13016,シコロボ,37
C13018,なぞなぞう,5
C13020,やさい おうこく ものがたり,10
C13022,東京魔人學園剣風帖 龍* 第弐幕,12
C13024,絶体絶命でんぢゃらすじーさん～おはスタ夏の特別編～,5
C13026,こちら葛飾区亀有公園前派出所 シートン探検隊!隅田川の誓い～思い出の白い鯨を探せ!～,2
C13030,MOONLIGHTMILE2ndシーズン Touch down,15
C13031,猫ラーメン,13
C13033,オリーブさんとモルダウ,1
C13037,闘牌伝説 アカギ 闇に舞い降りた天才 特別編,4
C13042,かくざ父さん,11
C13044,アームズラリー,11
C13046,電脳戦士 土管くん,11
C13048,30秒ケッ作げきじょうその時、彼らは思った。,11
C13050,オリガのロシア語講座,11
C13052,キラキラ小学生セレブちゃん,11
C13056,ビーンワールド,13
C13058,人形アニメーションリカちゃん,12
C13060,日本裏社会の首領＊喝老人 *[ドン],82
C13062,彩雲国物語[総集編]彩雲国絵巻,9
C13064,コロコロアニマル,60
C13066,忍たま 乱太郎[第15期],53
C13068,おじゃる丸[第10期],91
C13070,[おかあさんと あそぼっ!] きょうの おはなし,15
C13071,ななみちゃんのわくわくどうぶつえん,13
C13073,超ぽじてぃぶ! ファイターズ超ぽじてぃぶ ファイターズ 11魔人!篇,25
C13075,スチーム係長 STEAM HEAD,15
C13077,キララと一緒に ふしぎ探検,8
C13081,FNS地球特捜隊 ダイバスター［シリーズ］,167
C13085,ぴよだまり,4
C13087,CG侍,13
C13089,トントンあったと にいがたの昔ばなし［第3期］,26
C13091,メジャー[第2期],30
C13093,聖闘士星矢 冥王ハーデス冥界編 [前章],6
C13095,よみきかせ日本昔ばなし,24
C13097,クレイアニメ 太鼓の達人[第2期],13
C13103,山さんと山ちゃん[山ちゃんと山さん][山さと山ちゃん］,14
C13105,忍たま 乱太郎[第14期],50
C13107,おじゃる丸[第9期],90
C13109,いない いない ばあっ! [第11期],90
C13111,パンツ コインちゃん,15
C13113,鷹の爪[THE FROGMAN SHOW],12
C13114,古墳ギャルの Coffy[THE FROGMAN SHOW],11
C13116,理科5年ふしぎワールド,20
C13118,おでんくん The Adventure of Oden-kun [第2期],33
C13120,南の島の小さな飛行機 バーディー[第2期],60
C13122,モンチッチとあいちゃんのベビチッチえいご,24
C13124,理科6年ふしぎ情報局,20
C13126,チビナックス,25
C13128,ツバサ・クロニクル 年代記［第2期］,28
C13130,機動戦士 ガンダム S［シード］ DESTINY ［総集編］砕かれた世界,2
C13132,みんなのぶた,13
C13134,ぼてじん,14
C13138,機動戦士 ガンダム S［シード］ DESTINY ［総集編］それぞれの剣,2
C13140,ななみちゃん[第3期],19
C13144,まるだし先生,2
C13154,太陽の黙示録,4
C13156,モッタイナイナイ ムッピといっしょ,13
C13158,砂沙美☆魔法少女クラブ ～シーズン2～,13
C13164,独占取材 私だけが知っている小泉純一郎,5
C13166,機動戦士 ガンダム S［シード］ DESTINY ［総集編］運命［さだめ］の業火,1
C13168,Funny Pets [第2期],11
C13170,ケンちゃんの 晩めし前!,375
C13172,モリゾー・キッコロ 地球環境の旅,9
C13174,じじょうのうた,11
C13176,メジャー[第3期],27
C13180,めがね番長,4
C13182,いない いない ばあっ! [第12期],110
C13184,メジャー[第4期],26
C13189,絶対正義ラブフェロモン[あかほり外道アワー らぶげ],13
C13191,HUNTER × HUNTER[新],149
C13194,MARVEL WOLVERINE,13
C13198,ぬらりひょんの孫 ～千年魔京～,26
C13199,Rio -Rainbow Gate!-,13
C13201,SKET DANCE,77
C13203,ぜんまい ざむらい [10分版],41
C13205,味楽る!ミミカ[第3期],18
C13207,きょうの料理 ビギナーズ [第2期],96
C13211,U.H.O.フューチャーレスキュー2061U.H.Oレポート,5
C13213,今日からマ*王![第3期],41
C13215,きらりん☆レボリューションSTAGE3,51
C13217,おでんくんThe Adventure of Oden-kun[第4期],39
C13219,attacked kuma3[第2期],25
C13221,たたかえ! 土管くん,26
C13225,てんてこししまい君,26
C13227,はなけろどんぐりころころエコろころ,51
C13229,Dofusドフス★12の世界★ドフス アンド フレンズ,13
C13231,メガネコ,16
C13233,レオナルド博士 と キリン村のなかま でしょ,26
C13235,本マグロトロ太郎TV,25
C13237,こちら葛*飾区亀有公園前派出所[4月SP],2
C13240,南の島の小さな飛行機バーディー（第3期）,44
C13242,白い本,6
C13244,味楽る!ミミカ[第2期],19
C13246,きょうの料理ビギナーズ,96
C13248,巨人の星【特別編】父 一徹,13
C13250,おでんくん The Adventure of Oden-kun [第3期],27
C13252,彩雲国物語[第2期],42
C13254,モリゾー・キッコロ 森へいこうよ!,165
C13256,ウエルベールの物語Sisters of Wellber,13
C13258,優しさと感動のこだま,50
C13260,チビナックス2.0,25
C13262,水野キングダム❤パワーパフガールズ,1
C13264,タチコマな日々,12
C13266,AFROSAMURAI,5
C13269,復活! じゃないよ!? ウゴ・ウゴ ルーガ スペシャル,15
C13271,王さまものがたり,8
C13273,ななみちゃん[第4期],17
C13275,やっこはん姉妹きぬやっこ もめんやっこ,5
C13277,ウスペラーズ,5
C13279,ご存知!かくざ父さん,26
C13281,はなけろ～ペンペン村のまごころ屋～,13
C13283,進め!! 土管くん,13
C13288,こちら葛飾区亀有公園前派出所 両さんの寿司食いねぇ!～頂上マグロ対決!!～,2
C13290,スイスイ! フィジー!,104
C13292,はなけろ くるりん島のなかまたち,13
C13294,ネコべん,7
C13296,音楽の墓場,8
C13298,先生のチョンマゲアッパレひでよしくん,13
C13300,Baikin-kun,26
C13302,ピテカント,12
C13304,筋肉学園,26
C13306,土管くん[何かの]絵描き歌,13
C13308,私が出会った“知られざる”島根県,3
C13310,天下統一 CG将軍,11
C13312,星新一ショートsHORT劇場,5
C13314,さぁイコー!たまごっち,12
C13316,みんなのうた♪絵本シアター,3
C13320,夢をかなえるゾウ,12
C13322,ダンボール 戦機,46
C13323,ともだち8にん,109
C13325,ドラゴンクライシス!,12
C13330,ウエルベールの物語 Sisters of Wellber 第二幕,13
C13332,PooPooKids,13
C13334,はなけろ 虹の国のシエル姫,13
C13336,ピン子の秘伝カリー,19
C13338,レオナルド博士とキリン村のなかまたち,13
C13340,格言! かくざ 父さん,13
C13346,ねぇみんな…ふーちゃんの民話館PARIS SPECIAL!!,1
C13348,しりとり王国,3
C13350,ぴっくみー,100
C13354,おじゃる丸[第11期],90
C13356,忍たま乱太郎[第16期],100
C13358,いない いない ばあっ! [第13期],110
C13360,星新一ショートショート,26
C13363,イタズラなKiss,25
C13366,パコと魔法の絵本いつもワガママガマ王子,19
C13368,キスダム[R] ENGAGE planet,26
C13370,Domo,13
C13372,やさいのようせいN.Y. SALAD[第2期],26
C13374,モリゾー・キッコロと フルービー 守れ!みんなの水の惑星,6
C13376,ソフィア物語 ～ブルガリア バラの谷から～,3
C13378,チビナックス3,25
C13380,ななみちゃん[第5期],16
C13382,びわ湖放送presents 藤井組TV,15
C13384,ニコニコ♪コニーちゃん,5
C13386,なぜ? どうして? がおがおぶーっ!,26
C13390,ちょこっと☆ちょボット,38
C13392,ときどきアニメ開運 大便小僧,8
C13396,スッキリ!!・クロラ,20
C13400,男[デブ]はつらいYO!,7
C13402,パコと魔法の絵本 いつも ワガママ ガマ王子 メイキング,1
C13404,Little Village People,15
C13408,メジャー[第6期],26
C13410,メジャー[第5期],25
C13412,UN-GO,11
C13414,NO.6,11
C13416,CARDFIGHT!! ヴァンガード,65
C13418,DiSNEY ファイアボール チャーミング,12
C13420,DOG DAYS,13
C13422,セイクリッドセブン,12
C13423,Mach Girl,26
C13429,てんてこししまい君相談しましょー,25
C13431,キリン村ファイ★ともクラブ,17
C13433,VIVA!ブンベツ隊長,14
C13435,蔵出し土管くん,23
C13441,未来ヒコーキ,11
C13445,アニメ漫才猫ラーメン,12
C13447,人形芸人 ドント＆ノット,17
C13449,Peeping Life,10
C13453,新忍者玉丸,8
C13457,それゆけ! 外道乙女隊[あかほり外道アワー らぶげ],11
C13459,Starry☆Sky,26
C13461,這いよる!　ニャルアニ　リメンバー・マイ・ラブ　（クラフト先生）,11
C13463,onちゃん[第2期],26
C13465,カッコかわいい宣言,2
C13467,リタと ナントカ,26
C13469,一期一会 ～キミノコトバ～,13
C13471,ひだまり　スケッチ　×　☆☆☆[ほしみっつ]　[特別編],2
C13473,海月姫,17
C13475,Robin with his 100 friends,13
C13477,FORTUNE・ARTERIAL 赤い約束,13
C13481,咎狗の血,12
C13483,探偵オペラ ミルキィホームズ,12
C13485,農業ムスメ!,1
C13487,それでも町は 廻っている,12
C13490,神のみぞ知るセカイ,12
C13492,もっと ToLOVEる,12
C13494,侵略! イカ娘 The invader comes from the bottom of the sea!,12
C13496,食パン ミミー,12
C13498,たちゅ まる,26
C13500,宮西達也劇場 おまえ うまそうだな,20
C13502,おとめ 妖怪 ざくろ,13
C13504,"ヨスガノソラ In solitude, where we are least alone.",12
C13506,心霊探偵 八雲,13
C13508,荒川アンダー ザ ブリッジ*2,13
C13510,俺の妹がこんなに 可愛いわけがない,12
C13512,STAR DRIVER 輝きのタクト,26
C13514,夢色　パティシエール　SP[スペシャル]　プロフェッショナル,13
C13518,バクマン。[第1期],27
C13520,えむ えむっ!,12
C13522,テガミバチ REVERSE,25
C13524,薄桜鬼 新選組 奇譚 碧血録,11
C13526,スーパーロボット大戦 OG --ジ・インスペクター--,26
C13528,そらのおとしもの f,12
C13530,Panty ＆ Stocking with Garterbelt,13
C13534,バトルスピリッツ プレイヴ,45
C13536,模型戦士 GUNPLA BUILDERS BEGINNING G,3
C13538,モンハン 日記 ぎりぎり アイルー村 ★アイルー危機一髪★,10
C13540,アニメ くるねこ[第2期],21
C13545,青の祓魔師[エクソシスト],25
C13547,フラクタル,11
C13549,うたのプリンスさまっ♪ マジ LOVE 1000!,13
C13553,MARVEL X-MEN,13
C13557,動物かんきょう会議,20
C13560,イナズマイレブン GO,49
C13566,異国迷路の クロワーゼ The Animation,12
C13568,AKB0048,13
C13570,"戦姫絶唱 シンフォギア Meteoroid-falling, burning, and disappear, then...",13
C13573,パッコロリン,130
C13575,夏目友人帳 参,13
C13577,遊★戯★王 ZEXAL,77
C13579,スイートプリキュア♪,48
C13581,うっかりペネロペ[第2期],25
C13583,ちーすい丸,42
C13585,おじゃる丸[第13期],90
C13587,TRANSFORMERS ANIMATED,39
C13590,うちの3姉妹 おかわりぱれたい,4
C13592,百花 繚乱 サムライガールズ,12
C13595,R-15,12
C13601,Aチャンネル A-CHANNEL THE ANIMATION,12
C13603,BLOOD-C,12
C13607,C THE MEMORY OF SOUL AND POSSIBILITY CONTROL,11
C13609,C3 -シーキューブ- CubexCurseExCurious,12
C13611,Droronえん魔くん メ～ラめら,12
C13613,Fate/Zero,13
C13615,gdgd 妖精s,12
C13617,GOSICK,25
C13620,IS インフィニット・ストラトス,12
C13622,KEN ＆ The Monster ケンとかいじゅう,5
C13624,LASTEXILE 銀翼のファム,24
C13626,MARVEL BLADE,13
C13628,P4 Persona4 the ANIMATION,25
C13630,Steins;Gate,24
C13632,Suzy's Zoo だいすき! ウィッツィー,25
C13634,Teach,4
C13635,テレビまんが 昭和物語,13
C13637,とびだせ! 土管 くん,6
C13639,俺たちに翼はない --under the innocent sky.,12
C13641,花咲く いろは,26
C13643,快盗天使 ツイン エンジェル キュンキュン★ ときめき パラダイス!!,12
C13645,額縁をくぐって物語の中へ　[シリーズ],100
C13647,きんいろモザイク,12
C13650,THE iDOLM@STER,25
C13653,TIGER ＆ BUNNY,26
C13655,WORKING'!!,13
C13658,アスタロッテの おもちゃ!,12
C13662,あの日見た 花の名前を 僕達はまだ 知らない。,11
C13665,いつか天魔の黒ウサギ,12
C13667,うさぎ ドロップ,11
C13669,ウサビッチ[シーズン4],13
C13673,おじゃる丸[第14期],88
C13675,おはよう忍者隊 ガッチャマン,480
C13677,おしらせ忍者隊　ガッチャマン,26
C13679,お兄ちゃんのことなんか ぜんぜん好きじゃ ないんだからねっ!!,12
C13682,ギルティクラウン,22
C13684,クッキンアイドル アイ!マイ! まいん![第3期],82
C13686,クロスファイト ビーダマン,52
C13688,けんぷファー für die Liebe[フュア ディリーヴェ],1
C13690,これは×ゾンビ ですか?,12
C13692,ジュエルペット サンシャイン,52
C13694,ソッキ～ズ フロンティアクエスト,10
C13696,そふ てにっ SOFTENNI! the ANIMATION,12
C13698,だぶる じぇい,11
C13700,たまゆら ～hitotose～,12
C13702,ダンタリアンの 書架 Bibliotheca Mystica de Dantalian,13
C13705,ちはやふる,25
C13707,日常,26
C13709,忍たま 乱太郎[第19期],90
C13711,猫神 やおよろず,12
C13713,緋弾のアリア,12
C13716,ちび★デビ!,75
C13718,つながる アニマル しりとり リターンズ,1
C13720,デッドマン・ ワンダーランド,12
C13722,エウレカセブンAO ASTRAL OCEAN,24
C13725,坂道のアポロン KIDS ON THE SLOPE,12
C13727,Shining Hearts -幸せのパン-,12
C13729,スイッチ OH! くん,25
C13730,アルカナ・ファミリア La storia della Arcana Famiglia,12
C13732,TARI TARI,13
C13734,人類は衰退しました,12
C13736,ゆるゆり♪♪,12
C13738,デュエル・マスターズ ビクトリー,52
C13740,トリコ,147
C13742,にゃん†ぱいあ The Animation,12
C13746,バカとテスト と召喚獣 にっ!,13
C13748,バクマン。[第2期],25
C13750,ハトのおよめさん ハトよめ,4
C13752,バトルスピリッツ 覇王[ヒーローズ],50
C13754,ひだまり スケッチ SP[すぺしゃる],2
C13756,ひめ チェン! おとぎちっくアイドル リルぷりっ[のりスタ版],41
C13759,プ～ ねこ,11
C13761,プ～　ねこ　小劇場　SHOW TIME,11
C13763,ファイ・ブレイン 神のパズル[第1期],25
C13765,フジログ[第1期],13
C13767,フジログ[第2期],13
C13769,フリージング,12
C13771,プリティー リズム オーロラドリーム,51
C13774,へうげもの,39
C13776,べるぜバブ,60
C13778,ベン・トー,12
C13780,ポケットモンスター　ダイヤモンド＆パール　[特別編],2
C13782,ほんとに あった! 霊媒先生,22
C13784,マイクロストーリー,16
C13786,マケン姫っ!,12
C13788,ましろ色シンフォニー -The color of lovers-,12
C13790,まみむめ もんち,4
C13792,まよ チキ!,13
C13794,まりあ†ほりっく あらいぶ,12
C13797,みつ どもえ 増量中!,8
C13799,みつ どもえ 特別編,1
C13801,メタルファイト ベイブレード 4D,52
C13803,もしドラ　もし高校野球の女子マネージャーが　ドラッカーの『マネジメント』を読んだら,11
C13807,ゆるゆり,12
C13809,よんでますよ、 アザゼル さん。,13
C13811,リングにかけろ 1 世界大会編,6
C13813,レベルE,13
C13815,ロウきゅーぶ!,12
C13817,機動戦士 ガンダムAGE,49
C13819,逆境無頼 カイジ 破戒録篇,26
C13822,境界線上のホライゾン Horizon on the Middle of Nowhere,12
C13824,銀魂',51
C13826,君と僕。,13
C13828,君に届け 2ND SEASON,13
C13830,元気!! 江古田ちゃん,22
C13832,汐留 ケ～ブル テレビ,22
C13834,灼眼のシャナⅢ[Final],24
C13840,侵略!?　イカ娘　The Invader　comes from the　bottom of the sea!,12
C13842,森田さんは無口。,13
C13844,森田さんは無口。2,13
C13846,真剣で私に 恋しなさい!! まじこい,12
C13849,神様ドォルズ,14
C13851,神様のメモ帳 It's the only NEET thing to do.,12
C13853,世界一初恋,12
C13855,世界一初恋2,12
C13857,星空へ 架かる橋,12
C13859,聖痕の クェイサーⅡ,12
C13861,戦国☆ パラダイス 極,28
C13863,戦国 乙女 “桃色パラドックス”,13
C13865,探偵オペラ ミルキィホームズ[SS（サマースペシャル）],1
C13869,電波女と 青春男,12
C13871,変態生理ゼミナール 変 ゼミ,13
C13873,放浪息子,11
C13875,僕は友達が少ない,12
C13877,魔乳秘剣帖,12
C13879,魔法少女まどか★マギカ,12
C13883,未来日記,26
C13885,夢喰いメリー,13
C13887,輪るピングドラム,24
C13901,神鳥*侠*侶 コンドル ヒーロー,26
C13903,ダンボール　戦機　W,58
C13905,イナズマイレブン GO クロノ・ストーン,51
C13907,ポケットモンスター ベストウイッシュ シーズン2,63
C13909,うさるさん。,4
C13913,ネギま!? MAGISTER NEGI MAGI,26
C13915,ペンギン の問題 MaX,51
C13917,爆TECH! 爆丸,51
C13919,ペンギン の問題 PoW[パワフル],51
C13925,夏目友人帳 肆,13
C13927,アマガミ SS +[plus],14
C13930,新 テニスの 王子様,13
C13932,探偵オペラ ミルキィホームズ 第2幕,12
C13934,キルミーベイベー,13
C13936,ハイスクール DXD,12
C13939,リコーダーと ランドセル ド♪,13
C13941,ゼロの使い魔F,12
C13944,偽 物 語[ニセモノ ガタリ],11
C13946,BRAVE10,12
C13948,モーレツ❤宇宙海賊[パイレーツ],26
C13950,リトルバスターズ!,26
C13952,アニメ　おしりかじり虫[第1期],20
C13954,クロスファイト ビーダマン eS,52
C13958,てーきゅう[第2期],13
C13960,アクエリオン EVOL[AQUARION　EVO*L],27
C13961,這いよれ! ニャル子さん,12
C13964,さくら荘の ペットな彼女,24
C13966,PSYCHO-PASS,22
C13969,こぴはん,7
C13971,ふしぎのヤッポ島　プキプキとポイ,25
C13973,あの夏で待ってる,12
C13976,男子高校生 の日常,12
C13978,輪廻の ラグランジェ Flower declaration of your heart,12
C13980,パパのいうことを 聞きなさい!,12
C13982,妖狐×僕SS[いぬ×ぼく シークレットサービス],12
C13984,プラック★ロックシューター,8
C13992,ガッ活!,11
C13999,銀河へ キックオフ!!,43
C14001,しばいぬ子　さん,26
C14003,聖闘士星矢 Ω,97
C14007,緋色の欠片 玉依 姫 奇譚,13
C14009,こんなこと できません,14
C14011,クィーンズブレイド リベリオン,12
C14013,ゆるめいつ 3でぃ,13
C14015,これは×ゾンビ ですか? OF THE DEAD,10
C14017,しろ くま カフェ,50
C14019,フリッジ,20
C14021,めだか ボックス,13
C14023,LUPIN the Third 峰不二子という女,13
C14025,あっちこっち,13
C14027,さんかれあ,12
C14029,戦国コレクション,26
C14031,アクセル・ワールド,24
C14033,デュエル・マスターズ ビクトリーV,51
C14036,謎の彼女X,13
C14039,輪廻の ラグランジェ Flower declaration of your heart season2,14
C14041,俺の妹がこんなに 可愛いわけがない。,13
C14043,アラタカンガタリ 革神語,12
C14045,閃乱 カグラ,12
C14047,げんしけん 二代目 THE SOCIETY FOR THE STUDY OF MODERN VISUAL CULTURE,13
C14048,みな みけ ただ いま,13
C14079,貧乏神が!,13
C14081,じょしらく,13
C14083,だから僕は、 Hができない。,13
C14085,夏雪 ランデブー,11
C14087,はぐれ勇者の 鬼畜美学[エステティカ],12
C14092,ムジカ　ピッコリーノ,3
C14096,ゴクジョッ。 ～極楽院女子高寮物語～,12
C14098,となりの 怪物 くん,13
C14100,うーさーの その日暮らし,12
C14102,えびてん 公立海老栖川高校天悶部,10
C14104,中二病でも 恋がしたい!,12
C14106,ハヤテのごとく! Hayate the combat buttler CAN'T TAKE MY EYES OFF YOU,12
C14108,BTOOOM!,12
C14110,お兄ちゃんだけど 愛さえあれば 関係ないよねっ,12
C14112,K,13
C14114,絶園のテンペスト ～THE CIVILIZATION BLASTER～,24
C14117,ひだまり スケッチ × ハニカム,12
C14119,ぴっちぴち♪ しずくちゃん,9
C14121,武装神姫,12
C14123,ToLOVEる ダークネス,12
C14125,はいたい 七葉,13
C14127,バクマン。[第3期],27
C14130,CØDE: BREAKER,13
C14132,好きっていいなよ。,8
C14134,てーきゅう,13
C14136,マギ The labyrinth of magic,26
C14138,IXION SAGA Dimension Transfer イクシオン サーガ DT,26
C14140,ガールズ ＆ パンツァー,14
C14142,Robotics;Notes,22
C14144,ロンゴマックス　論語MAX,13
C14146,総合メディア開発　コンテンツ警備隊,28
C14150,頭文字[[イニシャル]]D Fifth Stage,14
C14156,Fate/ kaleid liner プリズマ★イリヤ,10
C14158,うたの☆プリンスさまっ♪ マジ LOVE 2000!,13
C14160,ハイスクール DXD NEW,12
C14162,たまこまーけっと,12
C14164,百花繚乱 サムライブライド,12
C14166,たまゆら ～もあぐれっしぶ～,12
C14168,ロウきゅーぶ! SS,13
C14170,Free!,12
C14172,進撃の巨人 attack on titan,26
C14174,有頂天家族,13
C14176,キューティクル探偵 因幡,12
C14178,ささみさん＠がんばらない,12
C14250,ゆゆ式,12
C14252,這いよれ! ニャル子さんW,12
C14254,Courtesy of ZETTAI KAREN CHILDREN THE UNLIMITED 兵部京介,12
C14256,波打際の むろみさん,13
C14258,僕は友達が少ない NEXT,12
C14260,私がモテないのは どう考えても お前らが悪い!,12
C14280,琴浦 さん,12
C14282,はたらく魔王さま!,13
C14525,とある魔術の 禁書目録[インデックスⅡ,24
C14528,豆腐姉妹,5
C14529,殿といっしょ 1分間劇場,12
C14530,忍者玉丸 - 東海道五十三次 -,26
C14531,オーバン STAR-RACERS,26
C14532,ガーゴイルズ,64
C14533,忍たま 乱太郎[第18期],90
C14534,HARD★TALK★CAFE,5
C14535,漂流家族　昭和パンダ物語[第1期],5
C14536,漂流家族　昭和パンダ物語[第2期],5
C14537,星新一 ショートショート 新春スペシャル,6
C14538,WHITE ALBUM[第2期],13
C14539,見えるぞ! ニッポン,6
C14540,モリゾー・キッコロ　森へいこうよ!　特別編　上海へいこうよ!,3
C14541,森のレシオ,9
C14542,世界の絵本から ～SWEDEN編～ Olle Eksell in Motion,13
C14543,Sebatan,9
C14544,Sebatan　[第2期],12
C14545,Sebatan　[第3期],5
C14547,体育　倉庫　ジムくんと　ゆかいな　仲間たち[*第2期],15
C14548,太宰 治 短編小説集[第2期] 畜犬談,3
C14549,太宰 治　短編小説集　[第3期],3
C14550,ど～する?　地球のあした,6
C14551,U.H.O.　フューチャーレスキュー2061　[第6期],5
C14552,レスキュー YoYo[よーよー],1
C14553,Rose O Neill Kewpie,26
C14554,WONDER GABBY,6
C14555,[アドリブアニメ],37
C14556,とっとこ ハム太郎 [スペシャルアニメ],4
C14557,夏色キセキ,12
C14558,帰宅部 活動記録,12
C14559,義風堂々! 兼続と慶次,25
C14560,スーパーロボット モンキー チーム ハイパー フォース GO!,52
C14561,ディノブレイカー,40
C14562,MONSTER[特別編],2
C14564,うら最,24
C14565,X-MEN エボリューション,43
C14566,エルティングビル・ クラブ,1
C14567,快傑ゾロ[未放送分],6
C14569,House of Mouse,45
C14570,ペコラ[新],26
C14571,ヘラクレス,65
C14572,ポピーザぱフォーマーカウントダウンスペシャル,7
C14573,ミッドナイト ホラースクール,26
C14574,わがまま☆フェアリー ミルモでポン![第2期],26
C14575,The World ofGOLDENEGGS[第2期],13
C14576,The World of GOLDEN EGGS,13
C14577,スペース・レンジャー バズ・ライトイヤー,62
C14579,こちら葛*飾区亀有公園前派出所[10月SP],2
C14580,ブーンドックス シーズン2,15
C14581,PERSONA-- trinity soul --,27
C14582,朝バナ子ちゃんダイエット川柳,12
C14583,あのねのとみぞう,6
C14584,いすのまちのコッシー,57
C14585,いない いない ばあっ![第14期],115
C14586,ウチュレイ!,12
C14587,おじゃる丸[第12期],90
C14588,大人のためのアニマイム物語,6
C14589,鬼警部 アンパン,2
C14590,オリガのドキドキイングリッシュ,6
C14591,KAWASAKI Frontale × 天体 戦士 サンレッド,4
C14593,キャベツ畑のサンマ,12
C14594,きょうの料理 ビギナーズ[第3期],96
C14595,京浜家族THE STORY OF A COMMON FAMILY,30
C14596,恋時雨,6
C14597,さくらんBOY DT,11
C14599,世界の絵本から ～オランダ編～ Lena LeNA,13
C14600,世界の絵本から ～韓国編～ 車に乗った太陽,13
C14601,体育 倉庫 ジムくんと ゆかいな 仲間たち,8
C14602,太宰 治生誕百年短編小説集,2
C14603,闘え!!ミミッチ ミッチー,6
C14604,ダンカイカレー中辛,17
C14605,探偵Xからの挑戦状![第8話]靴の中の死体-クリスマスの密室-,1
C14606,天体 戦士 サンレッド[第2期],26
C14607,どうする? しおん君,32
C14609,土管くん アナザーストーリー,1
C14612,ななみちゃん[第6期],16
C14614,忍たま乱太郎[第17期],90
C14615,NAKED WOLVES,52
C14616,ひよこねこ,3
C14617,Boostudio,10
C14618,ブクブクアワー,3
C14619,WHITE ALBUM2,13
C14620,MEAT OR DIE [YANS! GANS!],12
C14621,無敵!素敵!ハイチュウキング,4
C14622,よいこのアニメことなかれヒーローじんじゃーまん,12
C14623,La VilaineLuluおてんばルル,13
C14624,わいもくん きいろいかおしてババンバン,30
C14625,笑いのSHOW学校,20
C14626,IRONMAN,12
C14627,いない いない ばあっ![第15期],110
C14628,ウチュレイ![2010夏],18
C14629,EDDIE THE FAST BREAK,5
C14630,おかわり3姉妹,28
C14631,おべとも学園[第2期],12
C14632,おべとも学園[第3期],40
C14633,株式会社ZOO,12
C14634,カルルと ふしぎな塔[シリーズ],26
C14635,起業忍者 イガ社長と 秘書ガーコ,20
C14636,きょうの料理 ビギナーズ[第4期],74
C14637,クッキンアイドル アイ!マイ! まいん![第2期],81
C14638,クノーチェ,20
C14640,ケツ犬,13
C14641,月間ショート劇場★★　侵略派遣美少女　ミリ,3
C14643,コケッコーさん,26
C14645,こたつたこ,7
C14646,最強武将伝 三国演義,48
C14647,J.ブンガク　世界が愛した ニホンの感性　[第2期],4
C14648,10秒チョットのアニメ,27
C14649,[ストロー びゅるる],5
C14651,デュエル・マスターズ ビクトリー V3,51
C14652,とある科学の 超電磁砲[レールガン] S,23
C14653,東京レイヴンズ,24
C14654,AKB0048[next stage],13
C14655,エんエんニコリ,1
C14656,おじゃる丸[第16期],70
C14657,おとぎのくにの　イチジョウマン　7,2
C14658,大人 女子 の アニメ タイム[第2期],3
C14659,踊り子【クリノッペ】,26
C14660,ダンボール 戦機 WARS[ウォーズ],37
C14661,ちはやふる 2,25
C14662,ぢべたぐらし あひるの生活,27
C14663,超次元ゲイム ネプテューヌ THE ANIMATION,12
C14664,直球表題 ロボットアニメ,12
C14665,ちょぼらうにょぽみ劇場 あいまい みー,13
C14666,凪のあすから,26
C14667,にゅるにゅる!! KAKUSENくん,21
C14668,忍者 ハットリくん[インド版],37
C14669,忍たま 乱太郎 [第21期],76
C14670,のんのんびより,12
C14671,[リコーダー　と　ランドセル ミ★],13
C14673,いない いない ばあっ![第16期],110
C14675,おべとも学園[第4期],40
C14676,おんがく♪ 世界りょこう,3
C14677,額縁をくぐって物語の中へ　[スペシャル],5
C14678,学校の コワイ うわさ 新 花子さんがきた!!,33
C14679,神のみぞ知るセカイⅡ,12
C14681,ZoobLes!,8
C14683,だじゃれ パラパラ,18
C14684,デジモン　クロスウォーズ　悪のデスジェネラルと七つの王国,26
C14685,デジモン クロスウォーズ 時を駆ける少年ハンターたち,25
C14687,爆丸 バトルブローラーズ ガンダリアンインベーダーズ,45
C14688,はっぴ～カッピ,26
C14689,はなかっぱ[第2期],68
C14691,ペンギン　の問題　DX,26
C14692,ペンギン の問題 DX?,26
C14693,[ムルムル先生の裏未来日記],16
C14695,アイカツ! アイドルカツドウ!,179
C14696,秋葉工房　日本おもしろ昔話,8
C14697,新しい生物,5
C14698,Another,12
C14699,あらしのよるに ひみつのともだち,26
C14701,宇宙兄弟,101
C14702,うぽって!!,10
C14703,エリアの騎士,38
C14704,おじゃる丸[第15期],91
C14705,織田信奈の野望,13
C14706,おべとも学園[第5期],40
C14707,CARDFIGHT!! ヴァンガード アジアサーキット編,40
C14708,紙兎 ロペ 笑う朝には福来たるって マジっすか!?,561
C14709,神様 はじめました,13
C14710,かよえ! チュー学,370
C14711,カンピオーネ! ～まつろわぬ神々と神殺しの魔王～,13
C14712,きかんしゃトーマス,25
C14713,君と僕。2,13
C14714,境界線上のホライゾン　Ⅱ　Horizon on the Middle of Nowhere,13
C14716,キングダム,39
C14717,銀魂'[延長戦],13
C14718,クッキンアイドル　アイ!マイ!　まいん![第4期],85
C14719,黒子の バスケ,25
C14720,黒魔女さんが通る!!,60
C14721,恋と選挙とチョコレート,12
C14722,ゴーゴー!　マジムン,12
C14723,ココロ・コネクト,13
C14724,この中に1人、 妹がいる! Who is “IMOUTO“?,12
C14725,GON,50
C14726,咲 Saki 阿知賀編 episode of side-A,12
C14727,しまじろうのわお!,243
C14728,獣旋バトル モンスーノ,52
C14729,ジュエルペット きら★デコッ,52
C14730,ジョジョの 奇妙な冒険,26
C14731,新世界より,28
C14732,Zoobles　[シリーズ],34
C14733,スッキリ!!　×　映画　ひみつの　アッコちゃん　[～テクマクマヤコン　テクマクマヤコン　ステキなOLにな～れ!～],10
C14734,スマイルプリキュア!,48
C14735,ズモモ と ヌペペ,32
C14736,ZETMAN,13
C14737,ソードアート・オンライン,25
C14738,鷹の爪 NEO,36
C14739,黄昏乙女× アムネジア,10
C14740,たまごっち! ゆめキラドリーム,49
C14741,革命機　ヴァルヴレイヴ　Valvrave　the Liberator　[第1期],12
C14742,革命機　ヴァルヴレイヴ　Valvrave　the Liberator　[第2期],12
C14743,ガッ活!　[第2期],25
C14744,GATCHAMAN CROWDS,12
C14745,神さまの いない 日曜日,12
C14746,神のみぞ知るセカイ - 女神篇 -,12
C14747,ガラスの仮面 ですが,3
C14748,ガラスの仮面 ですが Z,14
C14749,DiABOLiK LOVERS,13
C14750,DD 北斗の拳,13
C14751,てーきゅう［第3期］,13
C14752,デート・ア・ライブ,12
C14753,てさぐれ! 部活もの,11
C14755,鉄人 28号 ガオ!,151
C14756,ドキ ドキ! プリキュア!,49
C14757,リトル・チャロ4 New York Again,35
C14758,リトルバスターズ!　～Refrain～,12
C14759,探検 ドリランド,37
C14760,ちとせ げっちゅ!![第1期],13
C14761,ちとせ げっちゅ!![第2期],13
C14762,超速変形 ジャイロゼッター,51
C14763,超訳百人一首 うた恋い。,13
C14764,超ロボット生命体 トランスフォーマー プライム,53
C14765,つり球,12
C14767,テルマエ・ロマエ,6
C14768,DOG DAYS',13
C14769,NARUTO SD[すごいどりょく] ロック・リーの 青春フルパワー忍伝,51
C14770,忍たま 乱太郎[第20期],90
C14772,薄桜鬼 新選組 奇譚 黎明録,13
C14773,バトルスピリッツ ソードアイズ,29
C14774,はなかっぱ[第3期],45
C14775,パブー ＆モジーズ,52
C14776,パンダの たぷたぷ,431
C14777,緋色の欠片 玉依 姫 奇譚 第二章,13
C14778,100分 de 名著,130
C14779,氷菓,22
C14780,ファイ・ブレイン 神のパズル[第2期],26
C14781,Fate/Zero,14
C14782,プリティー リズム ディア・マイ・フューチャー,51
C14783,ふるさと 再生 日本の昔ばなし,564
C14784,ポヨポヨ　観察日記,47
C14785,マジでオタクなイングリッシュ! りぼんちゃん 英語で戦う魔法少女 the TV,12
C14786,松本零士 オズマ,6
C14787,muv-luv alternative TOTAL ECLIPSE,26
C14788,めだか ボックス アブノーマル,12
C14789,メタルファイト ベイブレード ZEROG[ゼロジー],38
C14790,もやしもん リターンズ TALES OF AGRICULTURE,11
C14791,遊★戯★王ゼアルⅡ[セカンド] ZEXAL,76
C14792,ゆるめいつ　3でぃ　PLUS,13
C14793,ヨルムンガンド,12
C14794,ヨルムンガンド PERFECT ORDER,13
C14795,ライチ　☆[DE]　光クラブ,8
C14796,リコーダーと　ランドセル　レ♪,13
C14797,リトル・チャロ　～東北編～,13
C14799,あいうら,12
C14800,アウトブレイク・ カンパニー,12
C14801,蒼き鋼の アルペジオ -ARS NOVA-,12
C14802,惡の華,13
C14803,アニメ　おしりかじり虫[第2期],32
C14804,AMNESIA,12
C14806,石田 と あさくら,13
C14808,イナズマイレブン GO ギャラクシー,43
C14809,犬とハサミは 使いよう,12
C14810,IS インフィニット・ストラトス 2,12
C14811,ウサビッチ[第5期],14
C14812,宇宙戦艦 ヤマト 2199,26
C14813,うっかりペネロペ,13
C14814,俺の妹がこんなに　可愛いわけがない　[TRUE ROUTE スペシャル版],4
C14815,俺の彼女と 幼なじみが 修羅場すぎる,14
C14816,俺の脳内選択肢が、学園ラブコメを全力で邪魔している,10
C14817,CARDFIGHT!! ヴァンガード リンクジョーカー編,59
C14818,カーニヴァル,13
C14819,ガイスト クラッシャー,36
C14820,ガリレイドンナ Storia di tre sorelle a caccia di un mistero,11
C14821,ガンダム ビルドファイターズ,25
C14822,がんばれ! おでんくん LILY FRANKY PRESENTS The Adventure of Oden-kun,103
C14824,がんばれ! ルル ロロ TINY★TWIN★BEARS,26
C14825,君のいる町,12
C14826,境界の彼方,12
C14827,京騒戯画,13
C14828,きょうの料理　ビギナーズ　[第7期],32
C14829,キルラキル,24
C14830,銀河機攻隊 マジェスティック プリンス,25
C14831,ぎんぎつね,12
C14832,キングダム[第1期][総集編],13
C14833,キングダム[第2期],39
C14834,銀の匙 Silver Spoon,11
C14835,GJ部[グッジョぶ],12
C14836,黒子の バスケ[第2期],26
C14837,血液型くん!,13
C14839,幻影ヲ駆ケル太陽 il sole penetra le illusioni,14
C14840,ゴールデンタイム,24
C14842,古代紀行ドキュメンタリー　古事記の世界　CGアニメでひも解く　日本誕生物語[実写併用],2
C14843,COPPELION,13
C14844,The hired gun 殺し屋 さん,10
C14845,サーバント×サービス,14
C14846,最強銀河 究極[アルティメット] ゼロ バトルスピリッツ,50
C14847,サムライフラメンコ,22
C14848,島耕作の　アジア立志伝[第1期],9
C14849,島耕作の アジア立志伝[第2期],10
C14850,ジュエルペット ハッピネス,52
C14851,翠星のガルガンティア,13
C14852,Super Seishun Brothers -超青春姉弟s-,14
C14853,すすめ! キッチン戦隊 クックルン,20
C14854,ステラ 女学院高等科 C3〔しーきゅーぶ〕※,13
C14855,ストライク・ザ・ブラッド,25
C14856,スパロウズ　ホテル　[第1期],6
C14857,スパロウズ　ホテル　[第2期],6
C14858,生徒会の一存 Lv.2,10
C14859,声優戦隊 ボイストーム7,8
C14860,世界で いち ばん 強く なりたい!,12
C14861,絶対防衛 レヴィアタン,14
C14862,"戦姫絶唱 シンフォギアG In the distance,that day,when the star become music.",13
C14863,戦勇。[第1期],13
C14864,戦勇。[第2期],13
C14865,大怪獣ラッシュ ULTRA FRONTIER,5
C14866,ダイヤのA[エース],75
C14867,D.C.Ⅲ ～ダ・カーポⅢ～,13
C14868,鷹の爪 MAX,32
C14869,たまごっち! みらくるフレンズ,29
C14870,ダンガンロンパ THE ANIMATION 希望の学園と絶望の高校生,13
C14871,探検 ドリランド -1000年の真宝[まほう]-,51
C14872,断裁分離の クライムエッジ,13
C14873,団地 ともお,48
C14875,はいたい七葉　[第2期],13
C14877,爆TECH! 爆丸 ガチ,39
C14878,幕末義人伝 浪漫,12
C14879,はじめの 一歩 THE FIGHTING! Rising,25
C14881,八犬伝 -東方八犬異聞-,13
C14882,八犬伝　-東方八犬異聞-[第2期],13
C14884,バトルスピリッツ ソードアイズ 激闘伝,21
C14885,はなかっぱ[第4期],40
C14887,ハヤテのごとく! Hayate the combat butler Cuties,13
C14888,BEAST SAGA,38
C14889,びじゅチューン!,50
C14890,ひだまり　スケッチ　沙英・ヒロ　卒業編,2
C14891,ビビッドレッド オペレーション,13
C14892,ファイ・ブレイン 神のパズル[第3期],25
C14893,ファンタジスタドール,12
C14894,フォトカノ,13
C14895,ふたりは ミルキィホームズ,13
C14896,BROTHERS CONFLICT,12
C14897,ブラッドラッド,10
C14898,フリージング ヴァイブレーション,12
C14899,プリティー リズム レインボーライブ,51
C14900,フルーティー侍,12
C14901,BLAZ*BLUE ALTER MEMORY,12
C14902,変態王子と 笑わない猫。,12
C14903,僕の妹は 大阪 おかん,12
C14904,ぼくは王さま,14
C14905,ポケットモンスター XY,99
C14906,ポケットモンスター THE ORIGIN,4
C14907,まおゆう 魔王 勇者,13
C14908,魔界王子 devils and realist,12
C14909,マギ The kingdom of magic,25
C14910,マジでオタクなイングリッシュ! りぼんちゃん 英語で戦う魔法少女 the TV[第2期],10
C14911,マジンガーZIP!,159
C14912,機巧少女は 傷つかない Unbreakable Machine-Doll,13
C14913,まん がーる!,13
C14914,ミス・モノクローム -The Animation-,12
C14915,みに ヴぁん mini vanguard,37
C14916,ムシブギョー 蟲奉行,26
C14917,迷宮家族,12
C14918,メガネブ!,12
C14919,[〈物　語 〉 モノガタリ　シリーズ セカンドシーズン],26
C14920,問題児たちが 異世界から来る そうですよ?,10
C14921,やはり俺の 青春ラブコメは 間違っている。,13
C14922,ヤマノススメ,12
C14923,闇 芝* 居,13
C14924,勇しぶ。 勇者に なれなかった俺は しぶしぶ就職を決意しました。,12
C14925,夜桜四重奏 -ヨザクラカルテット- ハナノウタ,13
C14927,弱虫ペダル,38
C14928,よんでますよ、 アザゼルさん。Z,13
C14929,LINE TOWN,62
C14931,ラブライブ! School idol project,13
C14932,恋愛 ラボ,13
C14933,LOVELY❤ムービー いとしのムーコ Lovely Muuuuuuuco! The happy and daily life of Muco and Komatsu san!,20
C14934,Liv ＆ Bell,1
C14937,RDG レッドデータガール,12
C14938,ログ・ホライズン,28
C14939,ローゼン メイデン,13
C14941,ワルキューレロマンツェ,12
C14942,［ポケットモンスター ベストウイッシュ 特別編］,1
C14943,47都道府犬 Ｒ,36
C14944,Bｌａｄｅ ＆ Sｏｕｌ,13
C14945,CARDFIGHT!! ヴァンガード レギオンメイト編,33
C14946,DRAMAtical Murder,12
C14947,神々の悪戯[あそび],12
C14948,人生相談 テレビアニメーション 人生,13
C14949,世界征服 謀略のズヴィズダー,12
C14950,星刻の竜騎士[ドラグナー],12
C14951,生徒会 役員共＊,14
C14952,黒執事 Book of Circus,11
C14953,最近、 妹のようすが ちょっと おかしい んだが｡,12
C14954,咲 Saki 全国編,13
C14955,桜Trick,12
C14956,残響の テロル,11
C14957,召しませ ロードス島 戦記 それって おいしいの?,13
C14958,精霊使いの剣舞,15
C14965,暴れん坊力士!! 松太郎,23
C14966,僕らはみんな 河合荘,12
C14967,魔法科高校の 劣等生,26
C14968,魔法少女大戦,26
C14969,魔法戦争,12
C14970,毎度! 浦安鉄 筋家族,25
C14971,幕末 Ｒｏｃｋ,12
C14972,未確認で進行形,12
C14973,FAIRY TAIL［第2期］,102
C14974,Fate/kaleid liner プリズマ ★イリヤ 2ｗｅｉ!,10
C14975,Ｆｒｅｅ! Eternal Summer,12
C14976,Go♪ Go♪ 575,4
C14977,Go-Go たまごっち!,75
C14978,LO*VE STAGE!!,10
C14979,Ｍ３ ソノ黑キ鋼,24
C14980,MARVEL ディスク・ウォーズ アベンジャーズ,51
C14981,P4GA persona4 the Golden ANIMATION,12
C14982,PSYCHO-PASS［新編集版］,10
C14983,ｐｕｐａ,12
C14984,ＲＡＩＬＷＡＲＳ!,12
C14985,Ｒｅ:［* HAMATORA リプライハマトラ,12
C14986,ｓｅｌｅｃｔｏｒ infected WIXOSS,12
C14987,SOUL EATER NOT！,13
C14988,STRANGE +,13
C14989,survival game club! さばげぶっ!,12
C14990,TERRA FORMARS,13
C14991,Wake Up， Girls!,12
C14992,Z/X IGNITION,12
C14993,ΛLDNOΛH. ZERO,12
C14994,アオハライド THE SCENT OF AIR AFTER THE RAIN… I HEARD YOUR PULSE. I SAW THE LIGHT.,12
C14995,アカメが斬る!,24
C14996,いなり､こんこん､ 恋いろは｡,10
C14997,ウィザード･バリスターズ 弁魔士セシル,12
C14998,ウィッチクラフトワークス,12
C14999,うーさーの その日暮らし 覚醒編,12
C15000,エスカ＆ロジーのアトリエ ～黄昏の空の錬金術士～,12
C15001,おじゃる丸［第17期］,70
C15002,オレカバトル,51
C15003,お姉ちゃんが来た,12
C15004,ガイスト クラッシャー ゴッド編,15
C15005,カリーノ コニ,36
C15006,ガンダムさん,26
C15007,"キャプテン･アース WHEN I OPENED THE DOOR CALLED TRUTH, MY CHILDHOOD ENDED. IT WAS A SUMMER I COULD NEVER FORGET.",25
C15008,くつだる｡,32
C15009,グラスリップ,13
C15010,ケロロ,24
C15011,ご注文は うさぎ ですか？,12
C15012,シドニアの騎士,12
C15013,ジョジョの 奇妙な冒険 スターダストクルセイダース,24
C15014,スペース★ダンディ［第1期］,14
C15015,スペース★ダンディ［第2期］,12
C15016,ソードアート･オンラインⅡ,25
C15017,そに○アニ SUPER SONICO THE ANIMATION,12
C15018,それでも世界は美しい,12
C15019,ちょぼらうにょぽみ劇場 第二幕 あいまいみー ～妄想カタストロフ～,13
C15020,ディーふらぐ! D-FRAGMENTS,12
C15021,デート･ア･ライブⅡ,10
C15022,てさぐれ！ 部活もの あんこーる,12
C15023,デュエル･マスターズ VS,49
C15024,テンカイナイト,51
C15025,とある 飛空士への 恋歌,13
C15026,となりの関くん,13
C15027,となりの関くん［地上波未放映版］,8
C15028,トライブ クルクル,50
C15029,ドラゴン コレクション,51
C15030,ニセコイ,20
C15031,にゃ～めん,22
C15032,のうりん,12
C15033,ノーゲーム ・ ノーライフ,12
C15034,ノブナガ･ザ･フール,24
C15035,ノブナガン,13
C15036,ノラガミ,12
C15037,ハイキュー!!,25
C15038,バディ☆ コンプレックス,13
C15039,ハナヤマタ,12
C15040,ハピネスチャージプリキュア!,49
C15041,ハマトラ THE ANIMATION,12
C15042,ばらかもん,12
C15043,ヒーローバンク,51
C15044,ひめゴト SECRET PRINCESS HIMEGOTO,13
C15045,ピンポン THE ANIMATION,11
C15046,プピポー!,15
C15047,フューチャーカード バディファイト,65
C15048,ブラック･ブレッド [黒の銃弾],13
C15049,プリ❤パラ,127
C15050,ベイビーステップ,26
C15051,マケン姫っ! 通,10
C15052,まじもじ るるも,12
C15053,マジンボーン,52
C15054,マンガ家さんと アシスタントさんと THE ANIMATION,12
C15055,メカクシティアクターズ,12
C15056,モモキュン ソード,12
C15057,ヤマノススメ セカンドシーズン,27
C15058,ラブライブ! School idol project［第2期］,14
C15059,レディ ジュエルペット,52
C15060,ロボットガールズ Z,6
C15061,悪魔の リドル riddle story of devil,12
C15062,一週間 フレンズ｡,12
C15063,棺姫のチャイカ,12
C15064,鬼灯の 冷徹,13
C15065,極黒のブリュンヒルデ,13
C15066,金色のコルダ Blue♪Sky,12
C15067,金田一少年の 事件簿Ｒ[リターンズ],25
C15068,銀の匙 Silver Spoon［第2期］,11
C15069,月刊 少女 野崎くん,12
C15070,健全ロボ ダイミダラー,12
C15071,犬神さんと猫山さん,13
C15072,少年ハリウッド - HOLLY STAGE FOR 49 -,13
C15073,信長協奏曲,10
C15074,真[SIN]ストレンジ+プラス,13
C15075,戦国 BASARA Judge End,12
C15076,団地 ともお［第2期］,90
C15077,中二病でも 恋がしたい! 戀,12
C15078,超爆裂異次元メンコバトル ギガントシューターつかさ,32
C15079,東京ESP,11
C15080,東京喰種 トーキョーグール,12
C15081,忍たま 乱太郎［第22期］,75
C15082,白銀の意思 アルジェヴォルン,25
C15083,彼女がフラグを おられたら,13
C15084,普通の女子校生が 【ろこどる】 やってみた。,12
C15085,風雲維新 ダイ☆ショーグン,12
C15086,遊★戯★王アーク･ファイブ ARC-V,137
C15087,妖怪ウォッチ,374
C15088,龍ヶ嬢七々々の 埋蔵金,11
C15089,六畳間の侵略者!?,13
C15090,蟲 師 ［続章］,12
C15091,いない いない ばあっ![第4期],36
C15092,いない いない ばあっ![第5期],66
C15094,バットマン THE ANIMATED SERIES,26
C15232,ダンジョンに出会いを 求める のは間違っているだろうか FAMILIA MYTH,13
C15233,旦那が何を言っているか わからない件 2スレ目,13
C15234,MONSTER・HIGH こわ・イケガールズ,8
C15235,PSYCHO-PASS 2,11
C15236,俺物語!!,24
C15237,がっこうぐらし! SCHOOL-LIVE!,12
C15238,GATCHAMAN CROWDS in sight,12
C15239,ピクレレ めざせ! ウクレレピクニック イン ハワイ,15
C15240,ふうせんいぬ ティニー,15
C15241,てーきゅう[第4期],12
C15242,THE iDOLM@STER シンデレラガールズ[第2期],14
C15243,実は私は I am…,13
C15244,下ネタという 概念が存在しない 退屈な世界,13
C15245,Charlotte,14
C15247,NHKスペシャル 故宮 TREASURES OF IMPERIAL CHINA,2
C15248,おにく だいすき! ゼウシくん,12
C15249,終物語[オワリモノ ガタリ],25
C15250,血液型くん! 3,24
C15270,はりきり体育ノ介　[第1期],10
C15271,まじっく快斗 1412,24
C15272,ログ・ホライズン　[第2期],26
C15273,ワールドトリガー,75
C15274,愛天地無用!,60
C15275,異能バトルは日常系のなかで,12
C15276,山田くんと7人の魔女,13
C15277,レーカン!,13
C15278,"ローリング☆ガールズ Rolling, Falling, Scrambling. For others. For themselves",12
C15279,わかば・ガール,13
C15280,おはよう ハクション 大魔王,182
C15281,おへんろ。 - 八十八歩記 - [はちはちあるき],34
C15282,カネコさん,1
C15283,（仮）兎[カリウサギ] マサル 笑う夜には福来たるって マジっすか!?,16
C15284,がんばれ! ルル ロロ TINY★TWIN★BEARS[第2期],14
C15285,貴族小学生 アントワネットちゃん,2
C15286,キョートカクテル [第1期],16
C15287,きょうの料理 ビギナーズ [第8期],72
C15288,きらめけ!! メガネボーイ,36
C15329,GREGORY HORROR SHOW THE BLOODY KARTE,12
C15330,[サンリオアニメ 世界名作劇場],39
C15333,reckless bear,4
C15334,THE CUCUMBERS!,2
C15339,バットマン ザ・フューチャー,30
C15340,PiNMeN,12
C15341,スパイダーマン [2004年版・合作],53
C15342,スマアニメ SPECIAL,5
C15343,超生命体トランスフォーマー ビーストウォーズ リターンズ,26
C15344,のってけエクスプレッツ,26
C15345,ハウス・オブ・マウス ～ミッキーと ディズニーのなかまたち～,1
C15346,[ペコラ],1
C15347,GANTZ※,2
C15349,超ぽじてぃぶ! ファイターズ 闘魂野球伝,16
C15350,魔豆奇伝 パンダリアン,26
C15351,プロジェクト パポ,26
C15352,ウサビッチ[シーズン3],13
C15355,ドラゴンボール改[第2期],61
C15357,目玉焼きの黄身、いつつぶす？,4
C15360,[デビクロってなに?],3
C15361,Bonjour♪ 　恋味パティスリ～,9
C15362,Calimro カリメロ,78
C15363,CARDFIGHT!! ヴァンガードG,48
C15364,Fate/stay night [Unlimited Blade Works]　[第1期],13
C15365,G[Gundam]のレコンギスタ,26
C15366,GARO 炎の刻印,25
C15367,GF ガールフレンド（仮）,13
C15368,Hi☆sCoool! セハガ～ル,13
C15370,selector spread　WIXOSS,12
C15371,SHIRO BAKO,24
C15373,アニメ おしりかじり虫　[第3期],10
C15374,オオカミ少女 と 黒王子,13
C15375,おまけアニメ ゆるがろ ララフォンソのドキドキティータイム,11
C15376,オレん家のフロ事情,13
C15377,ガンダム ビルドファイターズトライ,25
C15378,ぐらP＆ろで夫　[第1期],10
C15379,グリザイアの果実,13
C15380,クロスアンジュ 天使と竜の輪舞[ロンド],25
C15381,こんな私たちがなりゆきでヒロインになった結果www なりヒロ,12
C15382,デンキ街の本屋さん,31
C15383,トリニティセブン,12
C15384,ナノ・インベーダーズ,12
C15385,俺、ツインテールに なります。,12
C15386,怪盗ジョーカー MYSTERIOUS JOKER,12
C15387,棺姫のチャイカ -- AVENGING BATTLE --,10
C15388,甘城ブリリアント パーク,13
C15389,寄生獣 セイの格率,24
C15390,暁のヨナ -The girl standing　 in the blush of dawn-,24
C15391,繰繰れ!コックリさん,12
C15392,結城友奈は勇者である,12
C15393,黒魔法少女 ワリー,10
C15394,山賊の娘ローニャ,27
C15395,四月は君の嘘　I met the girl　 under full-bloomed cherry　 blossoms. and my fate has　 begun to change.,22
C15396,七つの大罪 The Seven Deadly Sins,25
C15397,失われた未来を求めて A* la recherche du futur perdu,12
C15398,弱虫ペダル GRANDE ROAD,24
C15399,神撃のバハムート GENESIS,13
C15400,接続無用,4
C15401,大図書館の羊飼い a good librarian　like a good shepherd,13
C15402,旦那が何を言っているかわからない件,13
C15403,天体のメソッド,13
C15404,島耕作のアジア立志伝　[第4期],2
C15405,曇天に笑う,12
C15406,魔弾の王と戦姫[ヴァナディーズ],13
C15407,脇役目線 主客逆転! 教訓体感アニメ　[シリーズ],4
C15408,蟲師 [続章][後半],11
C15410,雨色ココア RAINY COCOA,13
C15411,ΛLDNOΛH.ZERO[第2期],13
C15412,VAMPIRE HOLMES,12
C15413,うたの☆プリンスさまっ♪ マジ LOVE レボリューションズ,13
C15414,うらわの調*ちゃん[うさぎ],12
C15415,えとたま 干支魂,12
C15416,終わりのセラフ,12
C15417,怪 盗 ジョーカー MYSTERIOUS JOKER[第2期],13
C15418,Gunslinger Stratos ―― THE ANIMATION ―,12
C15419,キュートランスフォーマー 帰ってきたコンボイの謎*,13
C15420,グリザイアの楽園,10
C15421,黒子の バスケ[第3期],25
C15422,血液型くん! 2,24
C15423,血界戦線,13
C15424,攻殻機動隊 ARISE ALTERNATIVE ARCHITECTURE,12
C15425,シドニアの騎士 第九惑星戦役,12
C15426,少年ハリウッド - HOLLY STAGE FOR 50 -,13
C15427,SHOW BY ROCK!!,12
C15428,蒼穹のファフナー Dead Aggressor EXODUS,13
C15429,高宮なすのです! てーきゅうスピンオフ,12
C15430,てさぐれ! 部活もの すぴんおふ プルプルんシャルム と遊ぼう,12
C15431,DOG DAYS'',12
C15432,トリアージX[イクス],10
C15433,長門有希ちゃんの消失,16
C15434,ニセコイ:,13
C15435,にゅるにゅる!! KAKUSENくん 2期,13
C15436,忍たま 乱太郎[第23期],70
C15437,ハイスクール DXD BorN,12
C15438,ハロー!! きんいろモザイク,12
C15439,ぱんきす! 2次元,24
C15440,パンチ ライン,12
C15441,響け♪ ユーフォニアム Sound! Euhonium,13
C15442,Fate ／ stay night [Unlinited Blade Works][第2期],13
C15443,プラスティック メモリーズ,13
C15444,放課後のプレアデス,12
C15445,魔法少女 リリカル なのは☆ ViVid,13
C15446,ミカグラ学園組曲,12
C15447,みんな集まれ! ファルコム 学園 SC,13
C15448,やはり俺の 青春ラブコメは まちがっている。 ― 続 ―,13
C15449,ISUCA,10
C15450,神様 はじめました ◎,12
C15451,艦隊これくしょん 艦 これ Fleet Girls Collection KanColle Animation Sequence,12
C15452,幸×腹 グラフィティ,12
C15453,THE iDOLM＠STER シンデレラガールズ［第１期］,15
C15454,銃皇無尽の ファフニール,12
C15455,"純潔のマリア Soriérede Gré, Pucelle de Force",12
C15456,ジョジョの 奇妙な冒険 スターダスト クルセイダース ［エジプト編］,24
C15457,新妹魔王の契約者[テスタメント],12
C15458,アブソリュート・ デュオ,12
C15459,暗殺教室,22
C15460,おじゃる丸［第18期］,63
C15461,冴えない彼女*の 育てかた[ヒロイン],13
C15462,聖剣使いの 禁呪詠唱[ワールドブレイク],12
C15463,青春[アオハル]×機関銃,13
C15464,赤髪の白雪姫[第1期],12
C15465,アクエリオン ロゴス,26
C15466,アニメ 怪獣酒場 カンパーイ!,13
C15467,アルスラーン 戦記 THE HEROIC LEGEND OF ARSLAN,26
C15468,VENUS PROJECT ―CLIMAX―,12
C15469,うーさーの その日暮らし 夢幻編,13
C15470,うしおととら,26
C15471,英国一家、 日本を食べる Sushi and Beyond,25
C15472,おくさまが 生徒会長！,12
C15473,OVERLORD,13
C15474,おまかせ! みらくるキャット団,32
C15475,GANGSTA.,13
C15476,キュートランスフォーマー さらなる人気者への道,13
C15477,境界の RINNE,26
C15478,銀魂゜,54
C15479,空戦魔導士 候補生の教官,12
C15480,くつだる。[第2期],16
C15481,CLASSROOM CRISIS,13
C15482,ケイオスドラゴン 赤竜戦役,12
C15483,GATE 自衛隊 彼の地にて、斯く戦えり,12
C15484,GOD EATER,14
C15485,GON[第2期],26
C15486,ジュエルペット Magical Change,70
C15487,純情ロマンチカ3,12
C15488,城下町の ダンデライオン,23
C15489,食戟 の ソーマ,25
C15490,洲崎西 THE ANIMATION,13
C15491,戦姫絶唱 シンフォギアGX,13
C15492,創勢の アクエリオン EVOL,1
C15493,それが声優！,13
C15494,ダイヤのA[エース] -SECOND SEASON-,63
C15495,"DiABOLiK LOVERS MORE, BLOOD",14
C15496,てーきゅう[第5期],12
C15497,デュエル・マスターズVSR,51
C15498,デュラララ!!×2転,12
C15499,電波教師 HE IS AN ULTIMATE TEACHER,24
C15500,DRAGON BALL 超[スーパー],72
C15501,To LOVEる ダークネス2nd,15
C15502,トランスフォーマー アドベンチャー[第1期],13
C15503,トランスフォーマー アドベンチャー[第2期],13
C15504,バトルスピリッツ 烈火魂[バーニングソウル],51
C15505,BIKINI WARRIORS,12
C15506,フューチャーカード バディファイト 100[HUNDRED],50
C15507,ベイビーステップ[第2期],26
C15508,枕男子[まくらのだんし],12
C15509,ミス・モノクローム -The Animation- 2,13
C15510,ミリオンドール,13
C15511,六花の勇者,12
C15512,WORKING!!!,13
C15513,ワカコ酒,13
C15514,キリン ザ ヌープ,2
C15515,銀河特急 イチジョウマン 7,35
C15516,ぐでたま,432
C15517,Go!Go! 家電男子[第1期],12
C15518,Go!Go! 家電男子[第2期],69
C15519,コロッケトーサンがいく,6
C15520,コンパクト もののくま,92
C15521,The Sushitown あるスシのくらし,72
C15522,深海魚,5
C15523,すすめ! キッチン戦隊 クックルン[第2期],62
C15524,Go! プリンセスプリキュア,46
C15525,こにぎり くん,2
C15527,戦国無双,12
C15529,だんちがい,13
C15530,蒼穹のファフナーDead Aggressor EXODUS[第2期],26
C15531,対魔導学園35試験小隊,24
C15532,Dance with Devils,24
C15533,ちょぼらうにょぽみ劇場～新章～不思議なソメラ ちゃん,26
C15534,DD北斗の拳 2イチゴ味+[プラス],72
C15535,[せかいのおはなし シリーズ],2
C15536,大怪獣ラッシュ ULTRA FRONTIER[第2期],9
C15537,鷹の爪 EX[エクストリーム],32
C15538,★ 時をかけるギャル ★ トキコ,5
C15539,猫のダヤン,34
C15540,猫 ピッチャー,28
C15541,野 良 ス コ,32
C15542,爆笑お笑いコンビ ツルとカメ,3
C15543,パックワールド,36
C15544,はなかっぱ[第5期],57
C15545,fran❤cesca [フ ラ ン チェ ス カ],24
C15546,みんなだいすき そらジロー,158
C15547,迷宮家族Ⅱ,30
C15549,森の人と 小てんぐちゃん,1
C15550,LOVELY❤MOVIE いとしの ムーコ Lovely Muuuuuuuco! Season 2,22
C15552,みんな集まれ! ファルコム 学園,13
C15553,蟲 師 [続章][特別篇],1
C15554,めいたんてい ラスカル,12
C15555,もっふり モフ☆モフ,25
C15556,闇 芝* 居[第2期],13
C15557,落第騎士の 英雄譚[キャバルリィ]A TALE OF WORST ONE,24
C15558,ランス アンドマスクスKnights of the World.,24
C15559,ONE PUNCH MAN ワンパンマン,24
C15560,ONE PIECEアドベンチャー オブ ネブランディア,1
C15561,新妹魔王の契約者[テスタメント] BURST,20
C15562,てーきゅう[第6期],26
C15563,猫なんかよんでもこない。,12
C15564,猫のダヤン日本へ行く,23
C15565,ワールド フール ニュース,13
C15568,株式会社きゅーか くさなぎ社長と秘書ロジコマ,10
C15569,監督不行届,13
C15570,君はバイシクル 私はトレインでGO HOME,2
C15571,昆虫物語 てんとうむChu! と みつばちハッChu!,10
C15572,サムソンの ダジャレDE英単語,14
C15573,島耕作の アジア立志伝 [第3期],2
C15574,シュガー** ソルジャー,3
C15575,スミ子,8
C15577,ダダダダ ダディーマン,3
C15578,地下すぎアイドル あかえ ちゃん,12
C15579,超ゼンマイロボ パトラッシュ,13
C15581,ナンダカ ベロニカ,10
C15583,バキバキ モンスター,17
C15585,ハルマゲ丼の 地球侵略,6
C15586,不思議の国のロンリ劇場,9
C15588,みならい ディーバ （※生アニメ）,10
C15589,ゆうとくんがいく,1
C15591,ロマンチカ クロック,3
C15592,脇役目線 主客逆転! 教訓体感アニメ [パイロット版],3
C15593,わし*も[第1期],10
C15595,島耕作の アジア立志伝 新春スペシャル 世界と戦う日本の長期戦略とは? 島耕作のアジア立志伝シンポジウム,2
C15597,100分 de 名著 新春スペシャル 100分 de 幸福論,4
C15598,ウサビッチ[ZERO],14
C15599,うわばき クック,13
C15600,オシリスの天秤,10
C15601,【オレアレ】,5
C15602,キョートカクテル Season 2,18
C15603,金 夜 安部 礼司 ～平均的サラリーマンの異常な日常～,5
C15604,Good Morning!!! DORONJO,58
C15605,暗闇三太,13
C15606,けいとのようせい ニットとウール,2
C15607,極道酒場 でんでん ～極道大戦争外伝～,3
C15608,探偵歌劇 ミルキィホームズ TD,12
C15610,デス・パレード,12
C15611,出番ですよ! オニギリズ,6
C15612,デュラララ!!×2承,12
C15613,ドアマイガーD,13
C15614,東京乙女 レストラン 乙レス SD[サイドディシュ][第1期],12
C15615,東京喰種 トーキョーグール √A,12
C15616,どれみ えーる,5
C15619,のんのんびより りぴーと,15
C15620,ハッピー ジョージ,15
C15621,はなかっぱ[第6期],58
C15623,ビーズの森の らびぃ,1
C15624,ピカイア![シリーズ],13
C15625,美男 高校 地球防衛部 LOVE!,12
C15626,干物妹[ひもうと]! うまるちゃん,12
C15627,ふうせんいぬ ティニー[第2期],12
C15628,Fate/kaleid liner プリズマ ★イリヤ 2wei Herz!,10
C15630,ブーブーボーイ,16
C15631,監獄 学園[プリズンスクール],12
C15633,本当にあった 動物影絵館,5
C15634,みりたり！,13
C15635,モンスター 娘のいる日常,12
C15636,ユリ熊嵐 LOVE BULLET・YURIKUMA ARASHI,13
C15637,夜ノヤッターマン,13
C15638,乱歩奇譚 Game of Laplace,11
C15641,私たちが プロポーズ されないのには 101の理由が あってだな Season 2,1
C15656,青春[アオハル]×機関銃[特別編],2
C15657,雨色ココアRAINY COCOA Rainy colorへようこそ!,26
C15658,アニメおしりかじり虫[第4期],20
C15659,VALKYRIEDRIVE MERMAID,24
C15660,俺がお嬢様学校に「庶民サンプル」 としてゲッツ❤された件,24
C15661,終わりのセラフ名古屋決戦編,26
C15662,温泉幼精ハコネちゃん,26
C15663,学戦都市 アスタリスクTHE ASTERISK WARThe Academy City on the Water[第1期],24
C15664,影鰐KAGEWANI,26
C15665,K RETURN OF KINGS,26
C15666,ご注文はうさぎですか??,24
C15667,コメットルシファーNOW ADVENTURE BEGINS-WITH YOU. FRIENDSAND OUR DESTINY.,24
C15668,小森さんは断れない!,26
C15669,コンクリート・レボルティオ超人幻想,26
C15670,櫻子さんの足下には 死体が埋まっている,24
C15671,Steins;Gate[第23話（β） 改変版],4
C15672,進撃!巨人中学校attack on titan : juniorhigh!,27
C15673,- スタミュ -高校星歌劇,24
C15674,すべてがFになる,22
C15675,ノラガミARAGOTO,26
C15676,ハッカドールTHE・あにめ～しょん,26
C15677,緋弾のアリアAA,24
C15678,こちら葛*飾区 亀有公園前 派出所［2016年スペシャル］,1
C15682,カワバカジマ,12
C15684,脳に快感! スペシャル バカと科学で バ科学 なのだ!!,3
C15686,怪 盗 ジョーカー MYSTERIOUS JOKER[第3期],13
C15687,文豪ストレイドッグス[第1期],12
C15688,MAGI シンドバッドの冒険,13
C15689,DAYS,12
C15690,少年メイド,12
C15691,坂本ですが?,25
C15692,食戟 の ソーマ 弐ノ皿,13
C15693,Peeping Life TVシーズン1 ??,96
C15694,ミス・モノクローム-The Animation- 3,26
C15695,ヤングブラック.ジャック,24
C15696,謎*新聞 ミライタイムズ [第1期],40
C15697,猫嫌いの家に 生まれた猫好きが 猫と暮らす絵日記,13
C15698,BAR 嫌われ野菜,13
C15699,うぇいくあっぷがーる ZOO!,10
C15700,うさぎのモフィ [第2期],12
C15701,美男○*高校 地球防衛部 LOVE! LOVE!,12
C15702,91 Days,12
C15703,DIGIMON UNIVERSE アプリモンスターズ,13
C15704,time↗ bokan 24,13
C15705,猫のダヤン ふしぎ劇場,14
C15706,ViVid Strike! Thou shalt not be afraid I am with you,13
C15707,おくさまが 生徒会長!+!,12
C15708,雨色ココア RAINY COCOA in Hawaii,12
C15709,魔法少女 育成計画,12
C15710,CARDFIGHT!! ヴァンガードG NEXT,13
C15711,スクールガール ストライカーズ Animation Channel,13
C15713,フーパの おでまし大作戦!! 大成功!?,6
C15714,不思議の国のロンリ劇場 [第2期],10
C15715,ぷれぷれ ぷれあです,8
C15716,とんかつ DJ アゲ太郎,12
C15717,甘々と稲妻,12
C15718,SHOW BY ROCK!! しょ～と!!,12
C15720,初恋モンスター,12
C15721,不機嫌な モノノケ庵,13
C15722,アルプスの少女ハイジ? ちゃら おんじ,80
C15723,きもしば[第1期],13
C15724,ペペペペン議員,13
C15725,WORKING!!! [最終回すぺしゃる],2
C15726,ゆるゆりさん★ハイ!TV ANIMATION SERIES SEASON THREE,24
C15727,普通の女子校生が【ろこどる】やってみた。[クリスマススペシャル],2
C15728,こわ◎ぼん,13
C15729,どうしても干支にはいりたい,13
C15730,こども刑事 めめたん,8
C15735,うたわれるもの 偽りの仮面,37
C15736,デュラララ!!×2結,12
C15737,ナースウィッチ 小麦ちゃん R,12
C15738,ハイキュー!! セカンドシーズン,38
C15739,ブレイブビーツ,33
C15740,機動戦士ガンダム 鉄血のオルフェンズ,39
C15741,虹色デイズ,25
C15742,大家さんは思春期!,12
C15743,Dimension W,12
C15744,灰と幻想の グリムガル,12
C15745,ハルタとチカは青春する ハルチカ HARUTA ＆ CHIKA,12
C15746,赤髪の白雪姫［第2期］,12
C15747,シュヴァルツェスマーケン,12
C15748,蒼の彼方のフォーリズム,12
C15749,JKめし!,27
C15750,てーきゅう［第7期］,13
C15751,血液型くん! 4,12
C15752,魔法少女なんて もういいですから。,12
C15753,ミニ はま MINIMUM-HAMATORA,10
C15755,島耕作の アジア新世紀伝 新春スペシャル Special,2
C15758,忍たま 乱太郎 の 宇宙 大冒険 with コズミック フロント☆ N E X T,2
C15759,CARDFIGHT!! ヴァンガードG ギアースクライシス編,38
C15760,牙狼 紅蓮ノ月,38
C15761,金田一 少年の 事件簿R[リターンズ]［第2期］,34
C15762,新あたしンち,115
C15763,探偵 チームKZ*[カッズ]事件 ノート,32
C15764,テレビアニメ いとしの ムーコ Lovely Muuuuuuuco!,38
C15765,どちゃもん じゅにあ,26
C15766,ルパン三世［第4期］,48
C15767,おそ松さん,98
C15768,バリィさんの いまばり弁講座,24
C15769,マルタの冒険[第2期],12
C15770,かってな ほしうらない,13
C15771,もじもじおばけ ばけまつ,13
C15774,ガンバレー部 NEXT!,6
C15775,Q PHILOSOPHY FOR CHILDREN [こどものための哲学] [第3回],1
C15776,きょうの料理 ビギナーズ [第9期],96
C15777,ゴー!ゴー! キッチン戦隊 クックルン,96
C15778,古代紀行 ドキュメンタリー 古事記の世界 CGアニメでひも解く 日本誕生物語 [第2期],4
C15779,小学生女子のおなやみ ぶっちゃけトーク★ 女の子って。』,4
C15780,深海 ダイバーズ,8
C15781,鷹の爪 DO,38
C15782,団地 ともお [スペシャル],1
C15783,野球部 あるある,9
C15784,ゆるゆり なちゅやちゅみ!+[ぷらす],2
C15786,世にも 奇妙 な物語 25周年スペシャル・春 ～人気マンガ家競演編～ [第3話],1
C15787,藤子不二雄Ⓐの 笑ゥせぇるすまん［第3期］,13
C15788,この素晴らしい 世界に祝福を!,10
C15789,無彩限の ファントム・ワールド Myriad Colors Phantom World,13
C15790,アクティヴレイド 機動強襲室第八係[第2期],12
C15791,少女たちは 荒野を目指す ～Girls beyond the youth KOYA～,12
C15792,NΘRN9 ノルン+ノネット,13
C15793,ほのぼのログ honobono log,10
C15794,それいけ! サブイボマスク,8
C15795,腐男子 高校生活,13
C15796,薄桜鬼 御伽草子,26
C15797,ラララ ララちゃん,24
C15798,ラララ ララちゃん ミニ,24
C15799,ムズムズ18 エイティーン[第1期],5
C15800,ムズムズ18 エイティーン[第2期],5
C15801,猫も、オンダケ,12
C15802,僕だけがいない街,12
C15803,PHANTASY STAR ONLINE 2 THE ANIMATION,12
C15804,だがしかし,23
C15805,おじさんとマシュマロ,13
C15806,美少女遊戯ユニット クレーン ゲール Crane Game Girls,13
C15807,暗殺教室[第2期],25
C15808,Divine Gate,12
C15809,靈劍山 星屑たちの宴,12
C15810,ヘヴィー オブジェクト,37
C15811,GATE 自衛隊 彼の地にて、斯く戦えり[第2期],12
C15812,亜人[第1期],13
C15813,パンでP e a c e !,13
C15831,血界戦線[12話],1
C15832,金田一 少年の 事件簿R Special 明智警部の事件簿,2
C15833,昭和元禄 落語心中,13
C15834,闇 芝* 居[第3期],13
C15835,Re:ゼロ から始める異世界生活,26
C15836,アルスラーン戦記 THE HEROIC LEGEND OF ARSLAN - 風塵乱舞 -,8
C15837,D.Gray-man HALLOW,13
C15838,モブサイコ 100,13
C15839,ラクエン ロジック Luck & Logic,13
C15840,[わたしたち、らくろじ部!][第1期],12
C15841,タイムトラベル少女 マリ・ワカと8人の科学者たち,12
C15842,僕のヒーローアカデミア,13
C15843,BLUE MERMAID ハイスクール・フリート,12
C15844,チア男子!!,13
C15845,B-PROJECT 鼓動*アンビシャス,13
C15846,オトナの 一休さん[第1期],3
C15847,アイコトバ,4
C15848,ツキウタ。 THE ANIMATION,14
C15849,RAGNASTRIKE ANGELS,12
C15850,Re:ゼロ から始める休憩時間[ブレイク タイム],11
C15851,Re:ぷち Re:プチから始める異世界生活,14
C15852,最弱無敗の 神装機竜 UNDEFEATED BAHAMUT CHRONICLE,12
C15853,PRINCE OF STRIDE ALTERNATIVE BOYS SPRINT TO THE END OF SUMMER,12
C15854,おしえて! ギャル子 ちゃん,12
C15855,紅殻のパンドラ GHOST URN,12
C15856,石膏ボーイズ,12
C15857,旅街レイトショー Awaiting my journey,4
C15858,この男子、 魔法がお仕事です。,4
C15859,彼女と彼女の猫 -Everything Flows-,4
C15860,ブブキ・ブランキ,13
C15861,うしおととら[第2期],13
C15862,がんばれ! ルル ロロ TINY★TWIN★BEARS[第3期],10
C15863,あはれ! 名作 くん,26
C15864,なめこ せかいのともだち,22
C15865,コンクリート ・ レボルティオ 超人幻想 THE LAST SONG,11
C15866,おなら吾郎,14
C15867,宇宙 パトロール ルル 子,13
C15868,ばなにゃ バナナにひそむにゃんこ,13
C15869,ふらいんぐうぃっち,12
C15870,甲鉄城のカバネリ,12
C15871,ジョジョの 奇妙な冒険 ダイヤモンドは砕けない,39
C15872,魔法つかい プリキュア！,45
C15873,クロムクロ,26
C15874,ベイブレードバースト,39
C15875,KAGEWANI 影鰐 承,13
C15876,斉木楠雄のΨ難,65
C15878,銀河機攻隊 マジェスティック プリンス[第25話],1
C15879,デュエル・マスターズVSRF,28
C15880,うさかめ USAKAME High School,13
C15881,ワガママ ハイスペック,12
C15882,ぐらP & ろで夫 II,27
C15883,鬼斬,13
C15884,ばくおん!!,12
C15885,OZMAFIA!!,12
C15886,くまみこ Girl Meats Bear,12
C15887,三者三葉,12
C15888,少年 アシベ Go! Go! ゴマちゃん,26
C15889,ねこねこ日本史,27
C15890,あん ハピ♪ ANNE HAPPY,12
C15891,はんだくん,24
C15892,orange,13
C15893,あまんちゅ！,14
C15894,LIFE! アニメ,2
C15896,この美術部 には 問題がある！,27
C15897,うさぎのモフィ[第3期],15
C15898,12歳。 ～ちっちゃなムネのトキメキ～ [第2期],12
C15899,アイドル メモリーズ,12
C15900,ステラのまほう,12
C15901,3ねんDくみ ガラスの仮面,13
C15902,怪 盗 ジョーカー MYSTERIOUS JOKER [第4期],13
C15903,あおおに ～じ・あにめぇしょん～,12
C15904,3月のライオン March comes in like a lion,27
C15905,ALL OUT!!,12
C15906,クラシカロイド,14
C15907,トランスフォーマー アドベンチャー マイクロンの章 PRIME OF MICRON,19
C15908,ちょびっと づかん,25
C15909,ネトゲの嫁は 女の子じゃない と思った？,12
C15910,パンパカパンツ W おNEW!,26
C15911,ももくり,14
C15912,12歳。 ～ちっちゃなムネのトキメキ～[第1期],12
C15913,田中くんは いつも けだるげ,12
C15914,七つの大罪 聖戦の予兆[しるし] The Seven Deadly Sins -Signs of holy war-,4
C15915,サバ パラ Saba-gee Paradise,6
C15916,ベルセルク[新],12
C15917,アンジュ・ヴィエルジュ “Progress“:Girls facing destiny against Worlds' Ending,12
C15937,TERRA FORMARS REVENGE,13
C15938,ビッグ オーダー,10
C15939,迷 家[マヨイガ],12
C15940,学戦都市 アスタリスク THE ASTERISK WAR The Academy City on the Water[第2期],12
C15941,ハンドレッド,12
C15942,学級王 ヤマザキ[30分版],41
C15945,おそ松さん おうまでこばなし,10
C15951,Bloodivores,12
C15952,うちのタマ知りませんか? タマ ＆ フレンズ,14
C15953,ブブキ・ブランキ 星の巨人,12
C15954,終末の イゼッタ,13
C15955,うたの☆プリンスさまっ♪ マジ LOVE レジェンドスター,13
C15956,マジきゅんっ! ルネッサンス,13
C15957,機動戦士ガンダム 鉄血のオルフェンズ [第2期],14
C15958,タイガーマスク W,12
C15959,おはよう！ コケッコー さん,13
C15960,こねこのチー ポンポンらー大冒険,13
C15961,ぴったんこ! ねこざかな,13
C15962,モンスター ハンター ストーリーズ ライド オン RIDE ON,13
C15963,刀剣乱舞 花丸,12
C15964,バディゴ![第2期],4
C15965,学園ハンサム,12
C15966,灼熱の 卓球娘,12
C15967,〔侍霊演武/SOUL BUSTER〕 將星乱,12
C15968,TRICKSTER ――― 江戸川乱歩 「少年探偵団」より ―――,12
C15969,WWW.WORKING!!,13
C15970,信長の忍び,14
C15971,CHEATING CRAFT,12
C15972,TO BE HERO,12
C15973,あに トレ！ XX anime de training ひとつ屋根の下で,12
C15974,てーきゅう[第8期],12
C15975,ナゾトキネ,13
C15976,夏目友人帳 伍,12
C15977,奇異太郎少年の 妖怪絵日記,12
C15978,装神少女 まとい Matoi the Sacred Slayer,13
C15979,美少女遊戯ユニット クレーン ゲール Galaxy Crane Game Girls,24
C15980,魔法少女なんて もういいですから。 セカンドシーズン,12
C15981,文豪ストレイドッグス [第2期],13
C15982,ユーリ!!! YURI ON ICE,12
C15983,競女!!!!!!!! HiP WHiP GiRL,12
C15984,フリップ フラッパーズ,13
C15985,ブレイブ ウィッチーズ 第502統合戦闘航空団 World Witches Series,13
C15986,響け♪ ユーフォニアム2 Sound! Euphonium,13
C15987,DRIFTERS Battle in a Brand-new World War,12
C15988,ガーリッシュナンバー gi（a）rlish number,12
C15989,バーナード嬢曰く。,13
C15990,私 がモテて どうすんだ,12
C15991,ドリフェス!!!!!！ ―― DREAM FESTIVAL ――,13
C15992,Lostorage incited WIXOSS,12
C15993,マクロス〔。/DELTA〕,28
C15994,美少女戦士 セーラームーン Crystal Season III,13
C15995,忍たま 乱太郎 [第24期],70
C15996,わしも[第4期],44
C15997,はなかっぱ[第7期],52
C15998,ゴー!ゴー! キッチン戦隊 クックルン[第2期],65
C15999,ZIP! presents 朝だよ! 貝社員,190
C16000,ジョーカー・ゲーム,12
C16001,バディゴ![第1期],3
C16002,おじゃる丸[第19期],66
C16003,バトルスピリッツ ダブルドライブ,38
C16004,謎新聞 ミライタイムズ The Mirai Times [第2期],31
C16005,双星の陰陽師,37
C16006,亜人[第2期],13
C16007,ろんぐ らいだぁす! ❤Let's enjoy cycling!,13
C16008,Occultic;Nine THERE ARE NO SUCH THING AS “OCCULT”. IT CAN BE DISPRIVED ALL BY SCIENCE. ONLY THE ONES WHO HAVE ACCEPTED EVERYTHING. CAN GET THE RIGHT TO KNOW THE TRUTH.,12
C16009,うどんの国の 金色毛鞠,12
C16010,ガオガオ ちゃんと 青い空[うどんの国の 金色毛鞠],11
C16011,戦国鳥獣戯画 ～甲～,12
C16012,はがね オーケストラ,12
C16013,どちゃもん じゅにあ [第2期],9
C16014,ムズムズ18 エイティーン [第3期],5
C16015,舟を編む,11
C16016,おしえて！ じしょたんず!![舟を編む],11
C16017,シャ～ミィ と かげぼうや,1
C16018,ラララ. ララちゃん ～パタ パタ だいせんそう～,10
C16019,100％ パスカル先生,2
C16020,ポケットモンスター サン＆ムーン,9
C16021,神々の記,4
C16022,ななにんのあやかし ‐ ちみちみ魍魎 !! 現代物語 ‐,4
C16023,INAZMA DELIVERY [第1期],2
C16024,かみさまみならい ヒミツのここたま,80
C16025,きょ～ふ! ゾンビ猫,40
C16026,みに ヴぁん[第2期],13
C16027,ポケットモンスター XY ＆ Z,38
C16028,バリィさんの 諸国漫遊記,23
C16029,ミム マム ミント,5
C16030,THE NUMBERS ナンバカ,13
C16031,SUSHI POLICE,13
C16032,ポンコツクエスト -魔王と派遣の魔物たち- [第3期],12
C16033,リルリルフェアリル ～妖精のドア～,86
C16034,GOD EATER [メテオライト編],4
C16037,エンドライド,24
C16038,逆転裁判 その「真実」、異議あり!,24
C16039,フューチャーカード バディファイト DDD,39
C16040,アグレッシブ 烈子,38
C16041,ぼのぼの[新],38
C16042,アイカツ! スターズ,37
C16043,境界の RINNE [第2期],34
C16044,CoCO ＆ NiCO ココ と ニコ,39
C16045,ひとくち どうわ,8
C16046,忍者 ハットリくん [インド版][第3期],52
C16047,もじもじおばけ てんてんまる,4
C16048,CARDFIGHT!! ヴァンガードG ストライドゲート編,24
C16049,カミワザ ワンダ,35
C16050,ダイ・バスター トーテム徹底調査SP,1
C16051,ゴーゴー! ドッコラショ,4
C16052,ネコこのゴロ,30
C16054,オシリスの天秤 2,11
C16055,もじもじおばけ おぎゃく,3
C16056,ラブライブ! サンシャイン!! School idol project,14
C16057,パズドラ クロス PUZZLE＆DRAGONS,26
C16058,Scared Rider XechS,12
C16059,魔法少女? なりあ☆がーるず,12
C16060,レガリア The Three Sacred Stars,18
C16061,銀の墓守り,12
C16062,GRANBLUE FANTASY The Animation,13
C16063,MARGINAL#4 KISSから創造るBig Bang,12
C16064,つぐもも,13
C16065,フレームアームズ・ガール,24
C16066,武装少女マキャヴェリズム,12
C16067,BORUTO -ボルト- NARUTO NEXT GENERATIONS,27
C16068,ショートアニメ 「わたしたち、らくろじ部!」 [第2期],10
C16070,ヘボット!,15
C16071,にゃんぼー![第1期],14
C16072,ハイキュー!! 烏野高校 VS 白鳥沢学園高校,10
C16073,アイドル事変,12
C16074,AKiBA'STRiP THE ANIMATION,13
C16075,ACCA13区監察課,12
C16076,うらら迷路帖,12
C16077,ēlDLIVE エルドライブ,12
C16078,この素晴らしい 世界に祝福を!2,10
C16079,亜人ちゃんは語りたい,13
C16080,弱虫ペダル NEW GENERATION,25
C16081,リトル ウィッチ アカデミア,25
C16082,ちょぼらうにょぽみ あいまいみー,13
C16083,政宗くんのリベンジ,12
C16084,セイレン,12
C16085,捏造トラップ-NTR-,12
C16086,メイドインアビス,13
C16087,DIVE!!,12
C16088,幼女戦記,13
C16089,風夏,12
C16090,南鎌倉高校女子自転車部,13
C16091,青の祓魔師 エクソシスト 京都不浄王篇,12
C16092,昭和元禄落語心中 -助六再び篇-,12
C16093,ガヴリールドロップアウト,12
C16094,鬼平 ONIHEI,14
C16095,ちるらん にぶんの壱,12
C16096,恋と嘘,12
C16097,バチカン奇跡調査官,12
C16098,コンビニカレシ,12
C16099,ハンドシェイカー,12
C16100,けものフレンズ,13
C16101,ピアシェ～私のイタリアン～,12
C16102,One Room,12
C16103,小林さんちのメイドラゴン,13
C16104,Rewrite[2ndシーズン],10
C16105,アリスと蔵六,13
C16106,笑ゥせぇるすまんNEW,24
C16107,スタミュ 高校星歌劇[第2期],12
C16108,アイドルタイムプリパラ,26
C16109,サクラダリセット,24
C16110,王室教師ハイネ,12
C16111,クロックワーク・プラネット,12
C16112,月がきれい,44
C16113,ツインエンジェルBREAK,12
C16114,正解するカド,13
C16115,カブキブ！,12
C16116,エロマンガ先生,13
C16117,有頂天家族2,13
C16118,ID-0,12
C16119,ソード・オラトリア,13
C16120,賭ケグルイ,13
C16121,縁結びの妖狐ちゃん,13
C16122,活撃 刀剣乱舞,12
C16123,戦姫絶唱シンフォギアAXZ,14
C16124,バトルガール ハイスクール,12
C16125,潔癖男子! 青山くん,13
C16126,アホガール,12
C16127,徒然チルドレン,12
C16128,アクションヒロイン チアフルーツ,12
C16129,18if,13
C16130,時間の支配者,13
C16131,カイトアンサ,12
C16132,ベイブレードバースト ゴッド,26
C16133,アキンド星の リトル・ペソ,12
C16134,100％ パスカル先生,71
C16135,ようこそ実力至上主義の教室へ,12
C16136,闇芝居［4期］,13
C16137,快把我哥帯走 兄に付ける薬はない!,12
C16138,将国のアルタイル,12
C16139,セントールの悩み,25
C16140,地獄少女 宵伽,13
C16141,ゼロから始める魔法の書,12
C16142,覆面系ノイズ,12
C16143,アトム ザ・ビギニング,12
C16144,Fate/Apocrypha,13
C16145,闇芝居[五期],13
C16146,ボールルームへようこそ,13
C16147,プリンセス・プリンシパル,20
C16148,Re:CREATORS,25
C16149,sin 七つの大罪,15
C16150,ノラと皇女と 野良猫ハート,12
C16151,がんがん がんこちゃん,11
C16152,ひなこのーと,12
C16153,DUEL MASTERS デュエル・マスターズ［2017］,28
C16154,ひとりじめ マイヒーロー,12
C16155,天使の3P!,12
C16156,NEW GAME!!,12
C16157,異世界はスマートフォンとともに。,12
C16158,魔法陣グルグル,13
C16159,にゃんこデイズ,12
C16160,恋愛暴君,12
C16161,神撃のバハムート VIRGIN SOUL,24
C16162,夏目友人帳 陸,12
C16163,冴えない彼女の育てかた♭,11
C16164,BanG Dream! バンドリ,23
C16165,異世界食堂,24
C16166,アイドルマスター シンデレラガールズ劇場,29
C16167,MARVEL フューチャー アベンジャーズ,12
C16168,ピカイア! PIKAIA,13
C16169,キラキラ☆ プリキュア アラモード,33
C16170,わしも[第5シリーズ],34
C16171,クリオネの灯り,12
C16172,靈劍山 叡智への資格,12
C16173,イケメン 戦国 時をかけるが 恋ははじまらない,12
C16174,チェインクロニクル ヘクセイタスの閃,12
C16175,ひなろじ from Luck＆Logic,15
C16176,SUPER LOVERS 2,10
C16177,リルリルフェアリル ～魔法の鏡～,32
C16178,THE REFLECTION -ザ・リフレクション-,13
C16179,ねこねこ日本史［第2シリーズ］,16
C16180,銀魂.,12
C16181,境界のRINNE［第3シリーズ］,59
C16182,遊戯王 VRAINS,42
C16183,信長の忍び ～伊勢・金ヶ崎篇～,26
C16184,僕のヒーローアカデミア［第2期］,26
C16185,ロクでなし魔術講師と 禁忌教典,12
C16186,フューチャーカード バディファイトX〔バッツ〕,27
C16187,Room Mate,12
C16188,戦隊ヒーロー スキヤキフォース -ぐんまの平和を願うシーズン-,24
C16190,プリプリちいちゃん!!,25
C16191,キャッチーくんの ナイス キャッチ!,13
C16192,まけるな!! あくのぐんだん!,13
C16193,超・少年探偵団 NEO,13
C16194,サクラクエスト,25
C16195,きょうの料理 ビギナーズ [第10期],82
C16196,コトリ サンバ,10
C16197,ブレンド・S,2
C16198,ナナマルサンバツ,12
C16199,The SNACK WORLD スナックワールド,24
C16200,妖怪アパートの 幽雅な日常,13
C16201,スカートの中はケダモノでした。,12
C16202,トミカハイパーレスキュー ドライブヘッド -機動救急警察-,25
C16203,はじめての ギャル,10
C16204,あはれ!名作くん［2期］［ビットワールド］,21
C16205,ベルセルク［2期］,14
C16206,喧嘩番長 乙女 GIRL BEATS BOYS,12
C16207,終末なにしてますか? 忙しいですか? 救ってもらっていいですか?,12
C16208,少年アシベ Go!Go! ゴマちゃん[第2シリーズ],16
C16209,進撃の巨人 Season2,13
C16210,戦国鳥獣戯画 ～乙～,10
C16211,僧侶と交わる 色欲の夜に…,12
C16212,ナイツ＆マジック,14
C16213,最遊記 RELOAD BLAST,12
C16214,てーきゅう［9期］,12
C16215,クズの本懐,12
C16216,無責任 ギャラクシー☆タイラー,13
C16217,妄想科学ADV Chaos;Child,11
C16218,龍の歯医者,2
C16219,SPIRITPACT,10
C16220,ゲーマーズ!,13
C16221,Tales of Zestiria the X［第2期］,11
C16222,ふるさとめぐり 日本の昔ばなし,77
C16223,ラブ米 -WE LOVE RICE-,13
C16224,おじゃる丸[第20期],34
C16225,オトナの一休さん[第2期],13
C16226,女川中バスケ部　5人の夏,1
C16227,終物語[オワリモノガタリ][第2期],8
C16228,忍たま乱太郎[第25期],60
C16229,ふわふわアワー Pui Pui & Muu Muu,1
C16230,ポンコツクエスト-魔王と派遣の魔物たち-[第4期],7
C16231,ムズムズ18　エイティーン[第4期],6
C16233,ユニコーンのキュピ,1
C16236,げんばのじょう 玄蕃之丞［あにめたまご2017］,1
C7163,鉄腕アトム,193
C7171,狼少年ケン,86
C7207,サザエさん,1175
C7449,ルパン三世,23
C7522,アルプスの少女ハイジ,52
C7556,宇宙戦艦ヤマト,26
C7786,機動戦士ガンダム,43
C8319,SLAM DUNK,101
C8321,ママはぽよぽよザウルスがお好き,104
C8323,ご近所物語,50
C8325,飛べ! イサミ,50
C8328,ヨーヨーの猫つまみ,130
C8330,元気爆発ガンバルガー,47
C8332,ファンタジーアドベンチャー 長靴をはいた猫の冒険,26
C8334,サラダ十勇士 トマトマン,50
C8338,超電動ロボ 鉄人28号FX,47
C8504,それいけ！アンパンマン,958
C8522,チロリン村物語,170
C8524,まんが日本史［NHK版］,40
C8526,お～い! 竜馬,41
C8529,ドラゴンリーグ,39
C8533,3丁目のタマ うちのタマ知りませんか?,18
C8545,ムカムカパラダイス,51
C8547,楽しいウイロータウン,26
C8549,ジャングルの王者 ターちゃん❤,50
C8577,シティーハンター3,13
C8623,アイドル天使 ようこそようこ,43
C8631,楽しいムーミン一家,78
C8633,ふしぎの海のナディア,39
C8635,もーれつア太郎［新］,47
C8639,魔法のエンジェル スイートミント,47
C8649,カラ天狗 カブト,45
C8651,ロビンフッドの大冒険,58
C8657,まじかる★タルるートくん,87
C8659,からくり剣豪伝 ムサシロード,50
C8661,RPG伝説ヘポイ,50
C8666,平成イヌ物語 バウ,80
C8668,STREET FIGHTER Ⅱ V,29
C8672,PEACH COMMAND 新桃太郎伝説,24
C8674,八百八町表裏 化粧師,20
C8676,三丁目の夕日,53
C8680,三つ目がとおる,48
C8682,江戸っ子ボーイ がってん太助,22
C8684,ピグマリオ,39
C8686,おちゃめなふたご -クレア学院物語-,26
C8688,おれは直角,36
C8690,DRAGON QUEST［第2期］,11
C8692,きんぎょ注意報!,108
C8694,トラップ一家物語,41
C8696,おばけの…ホーリー,200
C8698,太陽の勇者ファイバード,48
C8700,人魚姫マリーナの冒険,26
C8702,ゲッターロボ號,50
C8704,緊急発進セイバーキッズ,50
C8706,藤子不二雄Ⓐの 笑ゥせぇるすまん［第2期］,51
C8708,新世紀GPXサイバーフォーミュラ,37
C8710,絶対無敵ライジンオー,51
C8712,ジャンケンマン,51
C8718,少年アシベ,111
C8720,ハイスクールミステリー 学園七不思議,41
C8722,アニメ ひみつの花園,39
C8724,シティーハンター'91,13
C8726,おてんきボーイズ,30
C8728,ハローESCARGOT島,100
C8734,機甲警察メタルジャック,37
C8736,ちいさなおばけアッチ コッチ ソッチ,99
C8738,21エモン,39
C8740,OH! Myコンブ,44
C8746,おにいさまへ…,45
C8758,魔法のプリンセス ミンキーモモ［新］,62
C8760,ゲンジ通信あげだま,51
C8762,キン肉マン キン肉星王位争奪編,46
C8764,楽しいムーミン一家 冒険日記,26
C8766,燃えろ! トップストライカー,49
C8768,炎の闘球児 ドッジ弾平,48
C8770,横山光輝 三国志,47
C8776,DRAGON QUEST ダイの大冒険,46
C8780,丸出だめ夫,47
C8782,わたしとわたし -ふたりのロッテ-,29
C8784,ウルトラマンキッズ 母をたずねて3000万光年,26
C8790,ママは小学4年生,51
C8792,大草原の小さな天使 ブッシュベイビー,40
C8794,花の魔法使い マリーベル,50
C8798,伝説の勇者ダ・ガーン,46
C8804,宇宙の騎士テッカマンブレード,50
C8806,美少女戦士セーラームーン,46
C8808,藤子不二雄Ⓐのさすらいくん,14
C8810,地球SOS それいけコロリン,26
C8812,メダロット魂,39
C8814,STRaNGE DaWN,5
C8815,うちのショコラ,98
C8817,ドンラゴン,12
C8821,蒼き伝説シュート!,58
C8825,しましまとらの しまじろう,751
C8835,赤ずきんチャチャ,74
C8837,七つの海のティコ,38
C8838,キューティーハニーF,39
C8840,ケロケロちゃいむ,30
C8842,新 天地無用!,26
C8844,手塚治虫の 旧約聖書物語 In The Beginning,26
C8846,ポケットモンスター,154
C8847,クッキングパパ,157
C8849,クレヨンしんちゃん,1926
C8853,あしたへフリーキック,52
C8855,まぼろしまぼちゃん,24
C8857,見ると強くなる痛快! 横綱アニメ ああ播磨灘,23
C8867,スーパービックリマン,44
C8869,妖精ディック,26
C8883,おやゆび姫物語,26
C8885,姫ちゃんのリボン,64
C8887,少年アシベ2,75
C8889,ツヨシしっかりしなさい,112
C8891,ノンタンと いっしょ,258
C8893,スーパーヅガン,42
C8895,南国年パプワくん,42
C8897,フランダースの犬 -ぼくのパトラッシュ-,24
C8899,幽☆遊☆白書,112
C8901,風の中の少女 金髪のジェニー,52
C8903,カリメロ（新）,52
C8909,コボちゃん［シリーズ］,123
C8923,ミラクル★ガールズ,51
C8925,若草物語 ナンとジョー先生,40
C8927,無責任艦長タイラー,26
C8929,勇者特急マイトガイン,47
C8933,熱血最強ゴウザウラー,51
C8935,美少女戦士セーラームーンR,43
C8939,機動戦士Vガンダム,51
C8941,恐竜惑星,60
C8943,ポコニャン!,170
C8945,疾風!アイアンリーガー,52
C8949,剣勇伝説YAIBA,52
C8951,忍たま 乱太郎［第1期］,95
C8953,GS美神,45
C8955,さくらももこ劇場 コジコジ,100
C8957,吸血姫 美夕,25
C8959,発明BOYカニパン,31
C8961,serial experiments laｉn,13
C8967,ももいろシスターズ,23
C8973,時空探偵ゲンシクン,39
C8975,彼氏彼女の事情,34
C8977,突撃!パッパラ隊,25
C8979,魔術士オーフェン,24
C8981,ガサラキ,25
C8992,勇者警察ジェイデッカー,48
C8998,ママレ～ド❤ボ～イ,76
C9000,美少女戦士セーラームーンS,38
C9002,モンタナ・ジョーンズ,52
C9004,3丁目のタマ うちのタマ 知りませんか?［シリーズ］,51
C9006,ゴールFH,39
C9008,ジーンダイバー,56
C9010,〔○超〕くせになりそう❤,39
C9012,覇王大系リューナイト,52
C9014,レッドバロン,49
C9016,白雪姫の伝説,52
C9018,とっても!ラッキーマン,50
C9020,おまかせスクラッパーズ,39
C9022,銀河戦国群雄伝ライ,52
C9024,ヤマトタケル,37
C9026,機動武闘伝Gガンダム,52
C9028,サッカーフィーバー,52
C9056,メタルファイター❤MIKU,13
C9062,ハックルベリー・フィン物語,26
C9066,学校のコワイうわさ 花子さんがきた!! [第1期],10
C9072,とんでぶーりん,51
C9080,親子クラブ,1363
C9082,忍たま乱太郎 第2期,120
C9084,BLUE SEED,26
C9088,D・N・A2 ～何処かでなくしたあいつのアイツ～,12
C9090,魔法陣グルグル,45
C9092,マクロス7,49
C9094,魔法騎士レイアース,50
C9096,キャプテン翼J,47
C9102,真拳伝説タイトロード,13
C9110,サイボーグ花ちゃん,12
C9120,空想科学世界ガリバーボーイ,50
C9122,ちびまる子ちゃん［新］,994
C9124,鬼神童子ZENKI,51
C9126,NINKŪ -忍空-,55
C9128,ロミオの青い空,33
C9140,黄金勇者ゴルドラン,48
C9146,美少女戦士セーラームーンSuperS,42
C9152,恐竜冒険記 ジュラトリッパー,39
C9154,天地無用!,26
C9156,あずきちゃん,39
C9160,愛天使伝説ウェディングピーチ,51
C9162,ヤンボウ ニンボウ トンボウ,39
C9164,行け! 稲中卓球部,52
C9172,十二戦支爆烈エトレンジャー,39
C9174,新機動戦記ガンダムW,49
C9176,スレイヤーズ,26
C9179,クマのプー太郎,90
C9181,カラオケ戦士マイク次郎[25分版],20
C9189,ロボットパルタ［シリーズ］,25
C9193,アリス 探偵局[第1期],28
C9197,ニャッキ!,30
C9201,BｉT the CUPID,48
C9203,Jam the HOUSNAIL,12
C9205,ガンバリスト!駿,30
C9207,赤ちゃんと僕,35
C9213,はりもぐハーリー[第1期],80
C9215,夢のクレヨン王国,70
C9217,マスターモスキートン'99,26
C9221,ハニ太郎です。,70
C9223,ぼのぼの,48
C9235,ナースエンジェルりりかSOS,35
C9243,忍たま乱太郎[第3期],120
C9245,爆れつハンター,26
C9247,モジャ公,74
C9249,新世紀エヴァンゲリオン,26
C9251,闘魔鬼神伝ONI,25
C9253,ドッカン! ロボ天どん,26
C9255,神秘の世界 エルハザード,26
C9257,バーチャファイター[第1期],24
C9259,怪盗セイント・テール,43
C9277,ゲゲゲの鬼太郎[第4作],114
C9279,爆走兄弟レッツ＆ゴー!!,52
C9281,バケツでごはん,20
C9283,名探偵コナン,729
C9285,るろうに剣心―明治剣客浪漫譚―,105
C9287,名犬ラッシー,26
C9289,勇者指令ダグオン,48
C9291,DRAGON BALL GT,66
C9293,みどりのマキバオー,61
C9295,美少女戦士セーラームーン セーラースターズ,34
C9297,忍たま乱太郎[第4期],120
C9299,天空のエスカフローネ,26
C9301,VS騎士ラムネ＆40 炎,26
C9303,はじめ人間 ゴン,117
C9305,水色時代,47
C9307,機動新世紀ガンダムX,39
C9309,こどものおもちゃ,104
C9311,スレイヤーズNEXT,26
C9313,少年サンタの大冒険!,24
C9315,B'T X,25
C9321,地獄先生ぬ～べ～,49
C9323,いじわるばあさん[新],92
C9329,シンデレラ物語,26
C9331,快傑ゾロ,46
C9333,アリス探偵局[第2期],28
C9341,こちら葛飾区亀有公園前派出所,198
C9344,The Adventure of STRAY SHEEP ストレイシープの大冒険,3
C9346,家なき子レミ,23
C9348,花より男子,51
C9350,機動戦艦ナデシコ Martian Successor NADESICO,26
C9352,セイバーマリオネットJ,25
C9354,超者ライディーン,38
C9356,エルフを狩るモノたち,12
C9358,魔法少女プリティサミー,26
C9360,きこちゃんすまいる,126
C9362,逮捕しちゃうぞ[第1期],51
C9364,YAT安心!宇宙旅行[第1期],50
C9366,わんころべえ,26
C9380,爆走兄弟レッツ＆ゴー!! WGP,51
C9382,マッハGoGoGo[新],34
C9384,EAT-MAN,12
C9386,勇者王ガオガイガー,49
C9390,星方武侠 OUTLAW STAR. FUTURE HERO NEXT GENERATION,26
C9392,春庭家の3人目,45
C9394,ヘリタコぷーちゃん,42
C9398,Bビーダマン 爆外伝,48
C9400,こっちむいてみい子,42
C9402,ふしぎ魔法ファンファンファーマシィー,48
C9404,銀河漂流バイファム13,26
C9410,アンドロイド・アナ MAICO 2010,24
C9418,のらねこダウンタウン,10
C9428,少女革命ウテナ,39
C9430,スーパーフィッシング グランダー武蔵,25
C9434,HAUNTED じゃんくしょん,12
C9436,MAZE★爆熱時空,25
C9438,スレイヤーズTRY,26
C9440,はいぱーぽりす,25
C9442,金田一少年の 事件簿,148
C9444,救命戦士ナノセイバー,28
C9446,白鯨伝説,28
C9450,中華一番,52
C9464,CLAMP学園探偵団,26
C9470,はれときどきぶた,62
C9472,みすて❤ないで デイジー,12
C9474,忍ペンまん丸,60
C9476,あずみマンマ・ミーア,60
C9478,烈火の炎,42
C9483,エルフを狩るモノたち Ⅱ,12
C9485,超魔神英雄伝ワタル,51
C9487,VIRUS ―VIRUS BUSTER SERGE―,12
C9489,バトルアスリーテス大運動会,26
C9491,アニメ がんばれゴエモン,23
C9493,剣風伝説ベルセルク,25
C9495,深海伝説MEREMANOID,24
C9497,忍たま乱太郎[第5期],100
C9499,フォーチュン・クエストL,26
C9501,学級王ヤマザキ,58
C9503,ネクスト戦記EHRGEIZ,12
C9505,ドクタースランプ,93
C9511,BURN-UP EXCESS,13
C9513,『ドリトル先生物語』,13
C9521,異次元の世界エルハザード,12
C9523,AWOL ABSENT WITHOUT LEAVE,12
C9525,セクシーコマンドー外伝 すごいよ!! マサルさん,50
C9527,爆走兄弟レッツ＆ゴー!! MAX,51
C9528,KAIKAN フレーズ,44
C9532,ぶぶチャチャ,26
C9534,モアモア［アニメ・実写併用］,14
C9536,わたせ せいぞう ひと粒の恋,3
C9539,日本一の男の魂2,51
C9543,SURF SIDE HIGH-SCHOOL,20
C9545,なんでもQ むしまるQ ゴールド,35
C9547,GTO,46
C9549,下級生,13
C9551,バーバパパ 世界をまわる,50
C9555,スーパーマン,25
C9557,ブギーポップは 笑わない Boogiepop Phantom,13
C9560,万能文化猫娘,12
C9561,DTエイトロン,26
C9563,ふたり暮らし,36
C9565,ビーストウォーズⅡ,43
C9572,小さな巨人 ミクロマン,52
C9574,宇宙海賊ミトの大冒険,13
C9576,火魅子伝,12
C9578,イケてる2人,16
C9580,ビーストウォーズネオ,35
C9582,超発明BOYカニパン,21
C9584,おジャ魔女どれみ,51
C9586,B[ボンバーマン]ビーダマン 爆外伝 V,50
C9588,神風怪盗 ジャンヌ,44
C9592,Petshop of Horrors,4
C9594,デジモン アドベンチャー,54
C9597,トラブル チョコレート,20
C9599,未来少年コナンⅡ タイガアドベンチャー,24
C9600,ロードス島戦記 英雄騎士伝,27
C9602,TRIGUN,26
C9604,カウボーイビバップ,13
C9606,LEGEND OF BASARA,13
C9608,ロスト・ユニバース,26
C9610,アキハバラ電脳組,26
C9612,グランダー武蔵RV レボリューション,39
C9614,たこやきマントマン,154
C9616,遊☆戯☆王,27
C9618,ひみつのアッコちゃん（第3作）,44
C9620,魔法のステージ ファンシーララ,26
C9622,忍たま乱太郎[第6期],60
C9624,ああっ女神さまっ 小っちゃいって事は便利だねっ,48
C9626,アリスSOS,54
C9628,南海奇皇[第1期],24
C9630,カードキャプターさくら,35
C9632,サイレントメビウス,26
C9634,プリンセスナイン如月女子高野球部,26
C9636,ブレンパワード,26
C9638,Weｉβ kreuz,25
C9640,センチメンタル ジャーニー,12
C9642,熱沙の覇王ガンダーラ,26
C9644,YAT 安心!宇宙旅行[第2期],25
C9646,頭文字D,26
C9648,ふしぎなメルモ リニューアル,27
C9650,パニポニ,48
C9654,浦安鉄筋家族,32
C9656,Night Walker ―真夜中の探偵―,12
C9658,影技 SHADOW SKILL,26
C9659,ポポロクロイス物語,25
C9661,おじゃる丸,90
C9663,鉄コミュニケイション,24
C9665,スーパードール★リカちゃん,52
C9667,セイバーマリオネットJ to X,25
C9669,聖ルミナス女学院,13
C9671,MASTER KEATON マスターキートン,24
C9673,LET'Sぬぷぬぷっ,16
C9675,快傑蒸気探偵団 TV ANIMATION SERIES,26
C9677,ジェネレイターガウル,12
C9679,EAT-MAN '98,12
C9681,バブルガムクライシス TOKYO2040,24
C9683,花さか天使テンテンくん,43
C9685,デビルマンレディー,26
C9687,まもって守護月天!,22
C9689,どっきりドクター,27
C9693,よいこ,20
C9695,Only・You ビバ! キャバクラ,15
C9699,超速スピナー,22
C9701,夢で逢えたら,16
C9705,ハムスターサム,1
C9717,日本一の男の魂,48
C9719,爆球連発!! スーパービーダマン,18
C9720,逮捕しちゃうぞ[Special],20
C9724,スージーちゃんと マービー,104
C9728,やんちゃる モンちゃ,36
C9730,十兵衛ちゃん ラブリー眼帯の秘密,13
C9732,カードキャプター さくら[第2期],29
C9736,ゴクドーくん漫遊記,26
C9738,To Heart,13
C9740,ベターマン,26
C9742,神八剣伝,26
C9744,POWER STONE,26
C9746,ムーぽん[第1期],52
C9748,モンスター ファーム ～円盤石の秘密～,48
C9750,それゆけ! 宇宙戦艦ヤマモト・ヨーコ,26
C9752,おじゃる丸[第2期],90
C9754,ArcTheLad,26
C9756,イソップ ワールド,26
C9758,エデンズボゥイ,26
C9760,D4プリンセス,24
C9762,南海奇皇[第2期],25
C9764,星方天使エンジェル リンクス,13
C9766,天使になるもんっ!,26
C9768,A.D. POLICE,12
C9770,デュアル! ぱられルンルン物語,13
C9772,コレクター・ユイ[第1期],26
C9774,∀ GUNDAM,50
C9778,キョロちゃん,90
C9780,メダロット,52
C9782,-仙界伝- 封神 演義,26
C9784,パパと踊ろう,27
C9786,魔法使いTai!,13
C9788,課長王子,13
C9790,宇宙海賊 ミトの大冒険 2人の女王様❤,13
C9792,愛の若草山物語,12
C9794,おるちゅばんエビちゅ,24
C9796,小梅ちゃんが行く!!,12
C9798,チックン タック,16
C9800,人形[からくり]草紙 あやつり 左近,26
C9802,ゾイド,67
C9804,COLORFUL,15
C9806,アレクサンダー戦記［合作］,13
C9808,GREGORY HORROR SHOW,16
C9810,サイボーグ クロちゃん,66
C9812,魔術士 オーフェン Revenge,23
C9814,ぐるぐるタウンはなまるくん,132
C9816,ごぞんじ! 月光仮面 くん,25
C9818,イッパツ危機娘,16
C9820,臣士魔法劇場 リスキー★セフティ,24
C9822,鋼鉄 天使 くるみ,24
C9825,ジバクくん TWELVE WORLD STORY,26
C9827,地球防衛企業 ダイ・ガード,26
C9829,超生命体 トランスフォーマー ビーストウォーズ メタルス,18
C9831,無限の リヴァイアス,26
C9833,SeraphimCall,12
C9835,BLUE GENDER,26
C9837,へっぽこ 実験アニメーション エクセル❤サーガ,25
C9841,THE ビッグオー,13
C9843,"今、そこにいる僕 NOW AND THEN, HERE AND THERE",13
C9845,週刊ストーリーランド,73
C9847,頭文字[[イニシャル]]D Second Stage,13
C9849,ハンター×ハンター,62
C9851,WILD ARMS TV,22
C9853,レレレの 天才バカボン,66
C9855,ONE PIECE,783
C9857,いつも心に太陽を!,18
C9859,101 101匹わんちゃん,46
C9861,ヨシモト ムチッ子物語[CG版],83
C9863,ビックリマン2000,68
C9865,Di Gi Charat,16
C9867,お茶の水博士の 20世紀の贈りもの,5
C9869,風雲! 戦国を駆ける武将 ～ アニメ 静岡県史～,13
C9875,MONKEY MAGiC,13
C9877,超特急 ヒカリアン JAPAN HIKARIAN RAILROAD[第3期],52
C9879,POPEE the ぱフォーマー,41
C9881,女神候補生,12
C9883,六門天外 モンコレナイト,51
C9885,風まかせ 月影蘭,13
C9887,OH! スーパーミルクちゃん,12
C9889,マシュランボー,32
C9891,おジャ魔女どれみ♯,49
C9893,ニャニが ニャンだー ニャンダーかめん,72
C9895,マイアミ★ガンズ,13
C9897,だぁ!だぁ!だぁ! ［第1期］,39
C9899,GREGORY HORROR SHOW -THE SECOND GUEST-,25
C9901,KakiKakiBook,10
C9903,へろへろくん,104
C9905,ぞうの ババール,13
C9907,電脳おやじ,66
C9909,ファーブル先生は 名探偵,26
C9911,アニメ 浪曲紀行 清水次郎長伝,30
C9913,くまの子ウーフ,15
C9915,NieA_7 domestic poor@nimation,13
C9919,モンスター ファーム ～伝説[レジェンド]への道～,25
C9921,デジモン アドベンチャー0*2,50
C9923,GATE KEEPERS,24
C9925,銀装騎攻 オーディアン,24
C9927,幻想魔伝 最遊*記,50
C9929,ドキドキ❤伝説 魔法陣グルグル,38
C9931,Tales of Eternia THE ANIMATION,13
C9933,爆転シュート ベイブレード,51
C9935,グラップラー刃牙,24
C9937,地球少女アルジュナ,12
C9939,地球防衛家族,13
C9941,ファイナル ファンタジー:アンリミテッド,25
C9943,X,24
C9946,タイムボカン2000 怪盗 きらめき マン,26
C9948,トランスフォーマー カーロボット,39
C9950,陽だまりの樹,25
C9952,サクラ大戦,25
C9954,BOYS BE…,13
C9956,コレクター・ユイ [第2期],27
C9958,星界の戦旗,15
C9960,うちゅう人 田中太郎,24
C9962,遊☆戯☆王 デュエルモンスターズ,227
C9964,ラブひな,24
C9966,妖しのセレス,24
C9970,とっとこハム太郎,194
C9973,BRIGA DOON まりん と メラン,28
C9975,HAND MAiD May,10
C9981,じゃがいぬくん,2
C9983,Di Gi Charat サマースペシャル 20*0*0*,4
C9985,GREGORY HORROR SHOW ―THE LAST TRAIN―,26
C9987,BARRY PARTY,26
C9989,ハムスター 倶楽部,130
C9991,闇の末裔,12
C9993,VANDREAD,14
C9995,仰天人間バトシーラー,52
C9997,"Z.O.E Dolores,i",27
C9999,逮捕しちゃうぞ［SECOND SEASON］,26
