crtid,crtname
CCRT00000,
CCRT00001,AKU
CCRT00002,AOKO
CCRT00003,AR-V
CCRT00004,Applibot
CCRT00005,BOB
CCRT00006,BOKU
CCRT00007,BONES
CCRT00008,Boichi
CCRT00009,B・B
CCRT00010,CLAMP
CCRT00011,DarrenShan
CCRT00012,GOSSAGE
CCRT00013,HI-AX
CCRT00014,KAITO
CCRT00015,KANB
CCRT00016,K・元美津
CCRT00017,LIKEAROLLINGSTONE
CCRT00018,M.A.T
CCRT00019,MIR
CCRT00020,MITA
CCRT00021,Mr.オモキ
CCRT00022,ONE
CCRT00023,Production-Q
CCRT00024,Q-PRODUCTION
CCRT00025,R.CPRODUCTION
CCRT00026,RAN
CCRT00027,REALCOMICPRODUCTION
CCRT00028,S.Kitagawa
CCRT00029,SHOUWA
CCRT00030,SP☆なかてま
CCRT00031,STUDIONONKY
CCRT00032,STUDI♂JiZ♂U
CCRT00033,S・M(看護士)
CCRT00034,S松江名君
CCRT00035,THESEIJI
CCRT00036,UMA
CCRT00037,WILDTHING
CCRT00038,YUI
CCRT00039,YUKITO
CCRT00040,Y♀K♀
CCRT00041,ZEN
CCRT00042,biki
CCRT00043,hounori
CCRT00044,tatta
CCRT00045,©タツノコプロ
CCRT00046,あおきてつお
CCRT00047,あおさきなみ
CCRT00048,あおやぎ孝夫
CCRT00049,あおやま英雄
CCRT00050,あかねこか
CCRT00051,あかほりさとる
CCRT00052,あさだ圭
CCRT00053,あさの
CCRT00054,あさの一人
CCRT00055,あさみ章太郎
CCRT00056,あすなひろし
CCRT00057,あずまけいしん
CCRT00058,あそひろ志
CCRT00059,あだちつとむ
CCRT00060,あだちとか
CCRT00061,あだち充
CCRT00062,あびる義明
CCRT00063,あびわ
CCRT00064,あぶハチロー
CCRT00065,あやみのる
CCRT00066,あや秀夫
CCRT00067,あらいきよこ
CCRT00068,ありま猛
CCRT00069,あろひろし
CCRT00070,あわ箱
CCRT00071,あんど慶周
CCRT00072,いいおたかし
CCRT00073,いがらしゆみこ
CCRT00074,いけはらしげと
CCRT00075,いざわひろし
CCRT00076,いしいいさみ
CCRT00077,いしいしんいち
CCRT00078,いしい・しんいち
CCRT00079,いしかわじゅん
CCRT00080,いしやま彰
CCRT00081,いずみ・あすか
CCRT00082,いずみ誠
CCRT00083,いとうみきお
CCRT00084,いとうみのる
CCRT00085,いとう杏六
CCRT00086,いなずまたかし
CCRT00087,いなばてつのすけ
CCRT00088,いのうえ仁
CCRT00089,いもとさちこ
CCRT00090,うういずみ
CCRT00091,うえだしんご
CCRT00092,うえやま洋介犬
CCRT00093,うしおそうじ
CCRT00094,うすた京介
CCRT00095,うすた宗介
CCRT00096,うすね正俊
CCRT00097,うずき秋彦
CCRT00098,うちだゆうじ
CCRT00099,うちだ・ゆうじ
CCRT00100,うちだ藤丸
CCRT00101,うちやましゅうぞう
CCRT00102,うちやま徹
CCRT00103,うづき秋彦
CCRT00104,うのせけんいち
CCRT00105,うらかわただし
CCRT00106,うらしま桃太郎
CCRT00107,えざきまん
CCRT00108,えだまつかつゆき
CCRT00109,えんどコイチ
CCRT00110,おおいしこうじ(大石浩二)
CCRT00111,おおきてつお
CCRT00112,おおさきなみ
CCRT00113,おおた文彦
CCRT00114,おおつぼマキ
CCRT00115,おおのじゅんじ
CCRT00116,おおのたいじ
CCRT00117,おおひなたごう
CCRT00118,おかしのぶ
CCRT00119,おかじまはるき
CCRT00120,おかだしげる
CCRT00121,おかのきんや
CCRT00122,おがわあきら
CCRT00123,おがわひろこ
CCRT00124,おがわ智明
CCRT00125,おず賛平
CCRT00126,おたみ
CCRT00127,おだ辰夫
CCRT00128,おづモユル
CCRT00129,おづ賛平
CCRT00130,おばたしゅんじ
CCRT00131,かざま鋭二
CCRT00132,かざま鋭次
CCRT00133,かずさひろし
CCRT00134,かずはじめ
CCRT00135,かつごろう
CCRT00136,かづさひろし
CCRT00137,かぶと虫太郎
CCRT00138,からひ聖
CCRT00139,かわいひろみ
CCRT00140,かわのまつじろう
CCRT00141,かわのゆうき
CCRT00142,きうちかずひろ
CCRT00143,きくちまさる
CCRT00144,きくちゆきみ
CCRT00145,きくち正太
CCRT00146,きだまさし
CCRT00147,きのした昭司
CCRT00148,きのみやそうじ
CCRT00149,きむらはじめ
CCRT00150,きむらみつお
CCRT00151,きりやま俊介
CCRT00152,くずしろ
CCRT00153,くぼたまさみ
CCRT00154,くぼやすひと
CCRT00155,くろだ美里
CCRT00156,くろばR
CCRT00157,けんろー
CCRT00158,こいわ水色
CCRT00159,こうのたけし
CCRT00160,こぎと進
CCRT00161,こしたてつひろ
CCRT00162,こしばしげる
CCRT00163,こせきこうじ
CCRT00164,こだか和麻
CCRT00165,こばやしひよこ
CCRT00166,こやま基夫
CCRT00167,こんちき
CCRT00168,こーへー
CCRT00169,ごとう朋彦
CCRT00170,さいとうがずと
CCRT00171,さいとうたかを
CCRT00172,さいとうたかをさいとう・プロ作品
CCRT00173,さいとうプロ
CCRT00174,さいとうプロ作品
CCRT00175,さいとう・たかを
CCRT00176,さいとう・たかをさいとうプロ作品
CCRT00177,さいとう・プロ
CCRT00178,さいとう・プロ作品
CCRT00179,さいとう邦子
CCRT00180,さいふうめい
CCRT00181,ささけん
CCRT00182,さだやす圭
CCRT00183,さと
CCRT00184,さとう○○○
CCRT00185,さとうけいすけ
CCRT00186,さとうしんまる
CCRT00187,さとうだいすけ
CCRT00188,さとうふみや
CCRT00189,さとう容疑者
CCRT00190,さなだしんじ
CCRT00191,さの隆
CCRT00192,さわい彩夏
CCRT00193,さわさかえ
CCRT00194,しおのヨシノリ
CCRT00195,しがしずお
CCRT00196,しげの秀一
CCRT00197,しずかかおる
CCRT00198,しのだひでお
CCRT00199,しのはら勉
CCRT00200,しまだ
CCRT00201,しもさか保
CCRT00202,しもとちだな正之
CCRT00203,しょうけしん
CCRT00204,しろうず秀明
CCRT00205,しろまどか
CCRT00206,しんがぎん
CCRT00207,すがぬまたつや
CCRT00208,すぎやままさき
CCRT00209,すざきくにひこ
CCRT00210,すずきみつお
CCRT00211,すずき孔
CCRT00212,すずき正俊
CCRT00213,すずき隆太
CCRT00214,すねやかずみ
CCRT00215,そのだ一平
CCRT00216,そのやましゅんじ
CCRT00217,たかしげ宙
CCRT00218,たかちひろなり
CCRT00219,たかもち・げん
CCRT00220,たがみよしひさ
CCRT00221,たがわ靖之
CCRT00222,たしろひろゆき
CCRT00223,たなべせつを
CCRT00224,たなべてつや
CCRT00225,たなべもりお
CCRT00226,たなみやすお
CCRT00227,たにぐち誠
CCRT00228,たばよう
CCRT00229,だろめおん
CCRT00230,ちばあきお
CCRT00231,ちばこなみ
CCRT00232,ちばてつや
CCRT00233,ちば拓
CCRT00234,つくし・みくお
CCRT00235,つつみかんぺい
CCRT00236,つづき和彦
CCRT00237,つのだじろう
CCRT00238,つのま❤るみ
CCRT00239,つの丸
CCRT00240,つまようじ
CCRT00241,つるおか浩司
CCRT00242,てらしまけいじ
CCRT00243,てらしまけいじとフジオ・プロ
CCRT00244,とうじたつや
CCRT00245,とくまるやすじ
CCRT00246,とみだかおり
CCRT00247,とよ田みのる
CCRT00248,とりいかずよし
CCRT00249,とりいかずよしとフジオプロ
CCRT00250,とり・みき
CCRT00251,どおくまん
CCRT00252,どやたかし
CCRT00253,なかいま強
CCRT00254,なかがわひろき
CCRT00255,なかどくにひこ
CCRT00256,ながいけん
CCRT00257,ながいのりあき
CCRT00258,ながおか聡
CCRT00259,ながてゆか
CCRT00260,ながやす巧
CCRT00261,なぎさ雄一
CCRT00262,なすのぶひろ
CCRT00263,なつみん
CCRT00264,なつやませいじゅ
CCRT00265,ななつめなつめ
CCRT00266,なにわ小吉
CCRT00267,なんば健二
CCRT00268,にくぼし
CCRT00269,にしまじん
CCRT00270,にしもとひでお
CCRT00271,にわのまこと
CCRT00272,ねこぐち
CCRT00273,のでらゆき
CCRT00274,のなかみつる
CCRT00275,のぶみ
CCRT00276,のむら剛
CCRT00277,はしもとてつじ
CCRT00278,はしもとみつお
CCRT00279,はじめ俊
CCRT00280,はっとりみつる
CCRT00281,はなかひさし
CCRT00282,はまだよしみ
CCRT00283,はやさかゆう
CCRT00284,はやさか優
CCRT00285,はやせ淳
CCRT00286,はらしま卓三
CCRT00287,はらたいら
CCRT00288,ばらさかき
CCRT00289,ひきた美幸
CCRT00290,ひきの真二
CCRT00291,ひすゎし
CCRT00292,ひすわし
CCRT00293,ひでさだあき
CCRT00294,ひのき一志
CCRT00295,ひのもとはじめ
CCRT00296,ひらいけい
CCRT00297,ひらいたけし
CCRT00298,ひらかわあや
CCRT00299,ひらつか清
CCRT00300,ひらまつつとむ
CCRT00301,ひろかずみ
CCRT00302,ひろ・かず
CCRT00303,びとう皓吉
CCRT00304,ふくしま史朗
CCRT00305,ふくしま史朗とそのヤカラ
CCRT00306,ふくしま史朗とその一味
CCRT00307,ふくしま政美
CCRT00308,ふくもと飛火
CCRT00309,ふくやましんいち
CCRT00310,ふぐりしわ吉
CCRT00311,へしきよしのり
CCRT00312,ほそかわ春
CCRT00313,ほそのゆうじ
CCRT00314,ほったかずひさ
CCRT00315,ほったゆみ
CCRT00316,ほづみ☆みずほ
CCRT00317,ほりのぶゆき
CCRT00318,ほり木げん気
CCRT00319,ほり木ゲン気
CCRT00320,ほんまかずひろ
CCRT00321,まきの勝
CCRT00322,まさい滋魚
CCRT00323,ますむら浩一
CCRT00324,まつい智
CCRT00325,まつしまとしあき
CCRT00326,まつとも一隆
CCRT00327,まつのもと
CCRT00328,まつもとみな
CCRT00329,まつもと一隆
CCRT00330,まつもと泉
CCRT00331,まつよし大
CCRT00332,まのやすみ
CCRT00333,まりお金田
CCRT00334,まるやまひろし
CCRT00335,まんどるけんじ
CCRT00336,みかみかつし
CCRT00337,みさき速
CCRT00338,みず谷なおき
CCRT00339,みち
CCRT00340,みついかずお
CCRT00341,みなづき由宇
CCRT00342,みなみひろし
CCRT00343,みなもと太郎
CCRT00344,みなもと悠
CCRT00345,みね武
CCRT00346,みのもけんじ
CCRT00347,みやすのんき
CCRT00348,みやたけし
CCRT00349,みやはら啓一
CCRT00350,みやわき心太郎
CCRT00351,むつ利之
CCRT00352,もたいみゆき
CCRT00353,もとはしまさひで
CCRT00354,もりお竜
CCRT00355,もりしげ
CCRT00356,もりた毬太
CCRT00357,もろが卓
CCRT00358,やかべよしろう
CCRT00359,やきうどん
CCRT00360,やぎさわ景一
CCRT00361,やぎはし正一
CCRT00362,やぎむら亜樹
CCRT00363,やざま優作
CCRT00364,やしろ学
CCRT00365,やじま利一
CCRT00366,やすべえ
CCRT00367,やなぎはあきら
CCRT00368,やぶのてんや
CCRT00369,やまき耕一
CCRT00370,やまさき十三
CCRT00371,やまさき拓味
CCRT00372,やまさき拓味スタジオ・シップ作品
CCRT00373,やまざき十三
CCRT00374,やましたひでとし
CCRT00375,やまだ☆かをる
CCRT00376,やまだたけいし
CCRT00377,やまだたけし
CCRT00378,やまだゆうじ
CCRT00379,やまだ浩一
CCRT00380,やまと三郎
CCRT00381,やまもとかずや
CCRT00382,やまもと明日香
CCRT00383,やまやすし
CCRT00384,ゆうきまさみ
CCRT00385,ゆでたまご
CCRT00386,ゆめおい
CCRT00387,よこたとくお
CCRT00388,よこた・とくお
CCRT00389,よこだ純
CCRT00390,よしむらかな
CCRT00391,よしりん企画
CCRT00392,りょくち真太
CCRT00393,れいか
CCRT00394,ろびこ
CCRT00395,わじまさとし
CCRT00396,わたなべしゅうじ
CCRT00397,わたなべひろみ
CCRT00398,わたなべまさこ
CCRT00399,わたべせいじ
CCRT00400,わたべ淳
CCRT00401,わちさんぺい
CCRT00402,わち家さんぺい
CCRT00403,アイハラ☆シゲ
CCRT00404,アサダニッキ
CCRT00405,アズ
CCRT00406,アラン・瀬下
CCRT00407,アリステア・マクリーン
CCRT00408,アレクサンドル=ディマ
CCRT00409,アンリシャリエール
CCRT00410,イカンガ―岩崎
CCRT00411,イタバシマサヒロ
CCRT00412,イヨマンテ松五郎
CCRT00413,イワタヒロノブ
CCRT00414,イーピャオ
CCRT00415,イーピャオ小山ゆうじろう
CCRT00416,ウェルザード
CCRT00417,ウェルザード村瀬克俊
CCRT00418,ウサヲ
CCRT00419,ウノ・カマキリ
CCRT00420,オオイシナホ
CCRT00421,オオノヨウ
CCRT00422,オクショウ
CCRT00423,オサム
CCRT00424,オダトモヒト
CCRT00425,オールジャンプ連載作家陣
CCRT00426,カイトマン
CCRT00427,カエルぷろ
CCRT00428,カゴなおとし
CCRT00429,カザマカツヤ
CCRT00430,カジワラタケシ
CCRT00431,カスタード・プリン
CCRT00432,カストロ関
CCRT00433,カツヲ
CCRT00434,カトウコトノ
CCRT00435,カトウタカヒロ
CCRT00436,カプコン
CCRT00437,カミムラ晋作
CCRT00438,カラスヤサトシ
CCRT00439,カルメン野口
CCRT00440,カールメン野口
CCRT00441,ガチョン太郎
CCRT00442,ガモウひろし
CCRT00443,キクタロー
CCRT00444,キサラギリュウ
CCRT00445,キユ
CCRT00446,キヨミズリョウタロウ
CCRT00447,クス啓
CCRT00448,クツギケンイチ
CCRT00449,クニトシロウ
CCRT00450,クボヒデキ
CCRT00451,クリスタルな洋介
CCRT00452,クレイジー辰野
CCRT00453,クロマツテツロウ
CCRT00454,クンタ
CCRT00455,ケン・月影
CCRT00456,コゲどんぼ
CCRT00457,コトヤマ
CCRT00458,コナミデジタルエンタテインメント
CCRT00459,コバヤシ・ヒローキ
CCRT00460,コンタロウ
CCRT00461,コンノトヒロ
CCRT00462,コン・タロウ
CCRT00463,コン太郎
CCRT00464,コーゴ淳
CCRT00465,コージィ❤城倉
CCRT00466,コージィ城倉
CCRT00467,ゴッセージ
CCRT00468,ゴーギャン
CCRT00469,サダタロー
CCRT00470,サテライト
CCRT00471,サトウユウ
CCRT00472,サトウ・ユウ
CCRT00473,サニー未来
CCRT00474,サブ
CCRT00475,サンカクヘッド
CCRT00476,サンドロビッチ・ヤバ子
CCRT00477,サンプラザ中野
CCRT00478,サーフ・赤土
CCRT00479,シギーちゃん
CCRT00480,シナリオ
CCRT00481,シナリオ協力楠出尽
CCRT00482,ジェームズ・高木
CCRT00483,ジャック・ラカン
CCRT00484,ジャンプオールGAGスター
CCRT00485,ジュン深井
CCRT00486,ジョンM・隆克
CCRT00487,ジョージ・オーウェル
CCRT00488,ジョージ・秋山
CCRT00489,ジョージ秋山
CCRT00490,スタジオ=ゼロ
CCRT00491,スタジオSFC
CCRT00492,スタジオ・ダイス吉田伸
CCRT00493,スノウチサトル
CCRT00494,セジマ金属
CCRT00495,タイガー・立石
CCRT00496,タイガー立石
CCRT00497,タイガー阪神
CCRT00498,タカシックス
CCRT00499,タカタカオ
CCRT00500,タカヲヨシノブ
CCRT00501,ダイナミックプロ
CCRT00502,ダーウィン西尾
CCRT00503,テリー山本
CCRT00504,テレビ朝日「GetSports」
CCRT00505,テンヤ
CCRT00506,トオマワリ・チカミチ
CCRT00507,トオヤヒデミ
CCRT00508,トキ
CCRT00509,トム笠原
CCRT00510,トリケラトプス
CCRT00511,ドミニク・ラピエール
CCRT00512,ナカヤマテツヒロ
CCRT00513,ナラボン
CCRT00514,ニシカワエイト
CCRT00515,ニシムラマコジ
CCRT00516,ニッシ―西
CCRT00517,ニッシー西
CCRT00518,ニャロメロン
CCRT00519,ネコヤナギ
CCRT00520,ネモト摂
CCRT00521,ノ村優介
CCRT00522,ハセベ楊
CCRT00523,ハセベ陽
CCRT00524,ハワード・チェイキン
CCRT00525,バコハジメ
CCRT00526,バロン吉元
CCRT00527,ヒコボシ
CCRT00528,ヒロナカヤスシ
CCRT00529,ヒロユキ
CCRT00530,ヒーロー
CCRT00531,ビッグ錠
CCRT00532,ビッグ錠とザ・コンプレックス
CCRT00533,ピエール瀧
CCRT00534,ピョンタコ
CCRT00535,ピーター石井
CCRT00536,フクイタクミ
CCRT00537,フジオ・プロ作品
CCRT00538,フルヤヒロム
CCRT00539,フロントウイング
CCRT00540,ブロック68
CCRT00541,ヘリを
CCRT00542,ボブ・グリーン
CCRT00543,ポノセ前田
CCRT00544,ポンセ前田
CCRT00545,マキ・万
CCRT00546,マスヤマコム
CCRT00547,マツキタツヤ
CCRT00548,マツリセイシロウ
CCRT00549,マブヤープロジェクト
CCRT00550,マンガジン
CCRT00551,ミウラタダヒロ
CCRT00552,ミッチェル田中
CCRT00553,ミナミ
CCRT00554,ミヨカワ将
CCRT00555,ムサヲ
CCRT00556,ムッシュー田中
CCRT00557,ムロタニツネ象
CCRT00558,ムロタニ・ツネ象
CCRT00559,メーブ
CCRT00560,モリタイシ
CCRT00561,モンキーパンチ
CCRT00562,モンキー・パンチ
CCRT00563,モンテ
CCRT00564,ヤス
CCRT00565,ラッキー植松
CCRT00566,ラリー・コリンズ
CCRT00567,リング・ラードナー
CCRT00568,ルノアール兄弟
CCRT00569,レオン隆寿
CCRT00570,レツ
CCRT00571,ロドリゲス井之介
CCRT00572,ロドリゲス高橋
CCRT00573,ロバートブロック
CCRT00574,一の瀬遊
CCRT00575,一峰大二
CCRT00576,一峰大二と一峰プロダクション
CCRT00577,一峰大二次
CCRT00578,一式まさと
CCRT00579,一智和智
CCRT00580,一本木尊
CCRT00581,一色まこと
CCRT00582,一色美穂
CCRT00583,七三太朗
CCRT00584,七三太郎
CCRT00585,七月鏡一
CCRT00586,七神銀次
CCRT00587,万丈目喜介
CCRT00588,万乗大智
CCRT00589,万城めいと
CCRT00590,三ツ森あきら
CCRT00591,三ツ橋快人
CCRT00592,三三
CCRT00593,三上陸
CCRT00594,三上龍哉
CCRT00595,三上龍太郎
CCRT00596,三井カツオ
CCRT00597,三井隆一
CCRT00598,三代川将
CCRT00599,三代目吉村翼
CCRT00600,三原すばる
CCRT00601,三原ゆうすけ
CCRT00602,三国恒平
CCRT00603,三奇タカシ
CCRT00604,三好直人
CCRT00605,三好雄己
CCRT00606,三宅隆太
CCRT00607,三山昇
CCRT00608,三島みちひこ
CCRT00609,三島信夫
CCRT00610,三晃たける
CCRT00611,三智伸太郎
CCRT00612,三木孝佑
CCRT00613,三木孝祐
CCRT00614,三木有
CCRT00615,三木真薄
CCRT00616,三村尚
CCRT00617,三村貞
CCRT00618,三条陸
CCRT00619,三枝四郎
CCRT00620,三枝義浩
CCRT00621,三森明
CCRT00622,三浦とりの
CCRT00623,三浦みつる
CCRT00624,三浦健
CCRT00625,三浦健太郎
CCRT00626,三浦征隆紹介
CCRT00627,三浦悟
CCRT00628,三浦由香
CCRT00629,三浦糀
CCRT00630,三浦追儺
CCRT00631,三簾真也
CCRT00632,三谷幸広
CCRT00633,三谷敏夫
CCRT00634,三谷知子
CCRT00635,三鷹公一
CCRT00636,上之園宏
CCRT00637,上原正三
CCRT00638,上山とちひこ
CCRT00639,上山道郎
CCRT00640,上川敦志
CCRT00641,上月まんまる
CCRT00642,上月佐武郎
CCRT00643,上村一夫
CCRT00644,上村勇貴
CCRT00645,上村直己著「北極圏1万2千キロ」より
CCRT00646,上条明峰
CCRT00647,上條淳士
CCRT00648,上水流了
CCRT00649,上田ゆい
CCRT00650,上田ナツオ
CCRT00651,上田久治
CCRT00652,上田悦
CCRT00653,上田悦夫
CCRT00654,上田敦夫
CCRT00655,上西園茂宣
CCRT00656,上野春生
CCRT00657,上野直彦
CCRT00658,上野顕太郎
CCRT00659,下元克己
CCRT00660,下口智裕
CCRT00661,下山健人
CCRT00662,下山長平
CCRT00663,下村たけし
CCRT00664,下村風介
CCRT00665,下栃棚正之
CCRT00666,不二涼介
CCRT00667,中丸洋介
CCRT00668,中井邦彦
CCRT00669,中原裕
CCRT00670,中原誠
CCRT00671,中城けんたろう
CCRT00672,中城健
CCRT00673,中城健太郎
CCRT00674,中央一美
CCRT00675,中尾明
CCRT00676,中山サラミ
CCRT00677,中山敦支
CCRT00678,中山昌亮
CCRT00679,中島こうき
CCRT00680,中島ザボウ
CCRT00681,中島徳博
CCRT00682,中島徳博と海援隊
CCRT00683,中島徹
CCRT00684,中島真
CCRT00685,中島誠
CCRT00686,中島諒
CCRT00687,中島諭宇樹
CCRT00688,中嶋誠
CCRT00689,中川イサオ
CCRT00690,中川幹朗
CCRT00691,中川沙樹
CCRT00692,中川雅之
CCRT00693,中平正彦
CCRT00694,中本繁
CCRT00695,中村まこと
CCRT00696,中村ゆうひ
CCRT00697,中村ゆきひろ
CCRT00698,中村充志
CCRT00699,中村力斗
CCRT00700,中村勇士
CCRT00701,中村勇志
CCRT00702,中村博文
CCRT00703,中村哲
CCRT00704,中村好夫
CCRT00705,中沢啓治
CCRT00706,中津賢也
CCRT00707,中津賢治
CCRT00708,中西まちこ
CCRT00709,中西やすひろ
CCRT00710,中西寛
CCRT00711,中西明
CCRT00712,中道裕大
CCRT00713,中邑みつのり
CCRT00714,中里よしなり
CCRT00715,中里吉成
CCRT00716,中里宣
CCRT00717,中野善弘
CCRT00718,中野真吾
CCRT00719,中野音彦
CCRT00720,丸伝次郎
CCRT00721,丸山哲弘
CCRT00722,丸山洋
CCRT00723,丹波鉄心
CCRT00724,丹羽啓介
CCRT00725,丹羽正紀
CCRT00726,乃木坂太郎
CCRT00727,久世蘭
CCRT00728,久保ミツロウ
CCRT00729,久保宣章
CCRT00730,久保帯人
CCRT00731,久保田ゆうと
CCRT00732,久保秀樹
CCRT00733,久喜青葉
CCRT00734,久寿けいすけ
CCRT00735,久寿川ナルオ
CCRT00736,久慈あきら
CCRT00737,久松文雄
CCRT00738,久楽
CCRT00739,久留見幸守
CCRT00740,久米みのる
CCRT00741,久米田康治
CCRT00742,乗峯栄一
CCRT00743,乙一
CCRT00744,乙川みか
CCRT00745,乙羽春
CCRT00746,九里一平
CCRT00747,九里一平タツノコプロ
CCRT00748,乾はるか
CCRT00749,乾敏彦
CCRT00750,乾良彦
CCRT00751,二宮清純
CCRT00752,二宮裕次
CCRT00753,二戸原大輔
CCRT00754,二枚矢コウ
CCRT00755,二橋進吾
CCRT00756,二階堂ヒカル
CCRT00757,二駅ずい
CCRT00758,五十嵐幸吉
CCRT00759,五十嵐正邦
CCRT00760,五十嵐浩一
CCRT00761,五味一男
CCRT00762,五味川純平
CCRT00763,五島慶彰
CCRT00764,五島拓也
CCRT00765,五月けんじ
CCRT00766,五神慎太郎
CCRT00767,井ノ内貴之
CCRT00768,井上ひさし
CCRT00769,井上やすき
CCRT00770,井上よしひさ
CCRT00771,井上コオ
CCRT00772,井上マサト
CCRT00773,井上三太
CCRT00774,井上三郎
CCRT00775,井上和郎
CCRT00776,井上堅二
CCRT00777,井上大助
CCRT00778,井上敏樹
CCRT00779,井上正治
CCRT00780,井上泰樹
CCRT00781,井上知士
CCRT00782,井上紀良
CCRT00783,井上素子
CCRT00784,井上美樹
CCRT00785,井上菜摘
CCRT00786,井上行広
CCRT00787,井上郁夫
CCRT00788,井上雄彦
CCRT00789,井上靖
CCRT00790,井之口陽一
CCRT00791,井沢まさみ
CCRT00792,井沢満
CCRT00793,井草はじめ
CCRT00794,井荻寿一
CCRT00795,井谷好志
CCRT00796,井谷賢太郎
CCRT00797,亜太川ふみひろ
CCRT00798,亜桜まる
CCRT00799,亜樹直
CCRT00800,亜砂みえる
CCRT00801,仁一朗
CCRT00802,仁志裕介
CCRT00803,仁科翔
CCRT00804,今井サーモン
CCRT00805,今井大輔
CCRT00806,今井智文
CCRT00807,今井順一
CCRT00808,今川泰宏
CCRT00809,今日和老
CCRT00810,今村ゆたか
CCRT00811,今森由記
CCRT00812,今泉伸二
CCRT00813,今谷鉄柱
CCRT00814,今道英治
CCRT00815,仙波学
CCRT00816,仙洞田寛
CCRT00817,仲久晃央
CCRT00818,仲久晃生
CCRT00819,仲田美香
CCRT00820,仲間りょう
CCRT00821,伊十楽
CCRT00822,伊十蔵景
CCRT00823,伊原大貴
CCRT00824,伊坂幸太郎
CCRT00825,伊奈たかし
CCRT00826,伊奈めぐみ
CCRT00827,伊東あきお
CCRT00828,伊東甲子太郎
CCRT00829,伊東章夫
CCRT00830,伊科田海
CCRT00831,伊織
CCRT00832,伊能飛史
CCRT00833,伊能高史
CCRT00834,伊藤かずや
CCRT00835,伊藤伸平
CCRT00836,伊藤実
CCRT00837,伊藤富士雄
CCRT00838,伊藤広明
CCRT00839,伊藤智義
CCRT00840,伊藤歌子
CCRT00841,伊藤正臣
CCRT00842,伊藤清順
CCRT00843,伊藤照夫
CCRT00844,伊藤直晃
CCRT00845,伊藤美智子
CCRT00846,伊豫治好
CCRT00847,伊賀大晃
CCRT00848,伊達恒大
CCRT00849,伏見航介
CCRT00850,伯林
CCRT00851,伴俊男
CCRT00852,伴砂夢
CCRT00853,佃竜二
CCRT00854,佃龍二
CCRT00855,住吉崚
CCRT00856,佐々木あつし
CCRT00857,佐々木健
CCRT00858,佐々木哲郎
CCRT00859,佐々木善章
CCRT00860,佐々木守
CCRT00861,佐々木恵
CCRT00862,佐久間信
CCRT00863,佐久間力
CCRT00864,佐伯俊
CCRT00865,佐伯誠一
CCRT00866,佐倉準
CCRT00867,佐倉遼太郎
CCRT00868,佐川わたる
CCRT00869,佐方みえ
CCRT00870,佐木飛朗斗
CCRT00871,佐武リョウ
CCRT00872,佐渡川準
CCRT00873,佐藤さつき
CCRT00874,佐藤せいじ
CCRT00875,佐藤まさあき
CCRT00876,佐藤まさあきと佐藤プロ
CCRT00877,佐藤ショーキ
CCRT00878,佐藤タカヒロ
CCRT00879,佐藤ヨシタカ
CCRT00880,佐藤五月
CCRT00881,佐藤健太郎
CCRT00882,佐藤健悦
CCRT00883,佐藤勇
CCRT00884,佐藤千江子
CCRT00885,佐藤友生
CCRT00886,佐藤周一郎
CCRT00887,佐藤央樹
CCRT00888,佐藤宏之
CCRT00889,佐藤寛
CCRT00890,佐藤将
CCRT00891,佐藤惟史
CCRT00892,佐藤智一
CCRT00893,佐藤正
CCRT00894,佐藤武則
CCRT00895,佐藤良治
CCRT00896,佐藤英治
CCRT00897,佐藤蠍
CCRT00898,佐藤貴広
CCRT00899,佐藤輝
CCRT00900,佐藤陽介
CCRT00901,佐野文博
CCRT00902,佐野美津男
CCRT00903,余湖裕輝
CCRT00904,作元健司
CCRT00905,作田まさる
CCRT00906,作画グループ
CCRT00907,依田やすお
CCRT00908,依田瑞稀
CCRT00909,修行コウタ
CCRT00910,倉丘銀四郎
CCRT00911,倉園紀彦
CCRT00912,倉島圭
CCRT00913,倉持正志
CCRT00914,倉田よしみ
CCRT00915,倉田英之
CCRT00916,倉薗紀彦
CCRT00917,元木まこと
CCRT00918,元木誠
CCRT00919,元良昌博
CCRT00920,元麻布ファクトリー
CCRT00921,光プロ作品
CCRT00922,光原伸
CCRT00923,光吉賢司
CCRT00924,光瀬龍
CCRT00925,光野果南
CCRT00926,克・亜樹
CCRT00927,兎中信志
CCRT00928,入江ゆたか
CCRT00929,入江謙三
CCRT00930,入江豊
CCRT00931,全連載作家
CCRT00932,八木一郎
CCRT00933,八木孝広
CCRT00934,八木教広
CCRT00935,八海薫
CCRT00936,八神ひろき
CCRT00937,八神健
CCRT00938,八至丘翔
CCRT00939,八谷美幸
CCRT00940,六田登
CCRT00941,兵藤一歩
CCRT00942,兼山臣
CCRT00943,内山まもる
CCRT00944,内山亜紀
CCRT00945,内崎まさとし
CCRT00946,内水融
CCRT00947,内海八重
CCRT00948,内海甲介
CCRT00949,内藤ケンイチロウ
CCRT00950,内藤拳一狼
CCRT00951,内藤泰弘
CCRT00952,円山晃
CCRT00953,円谷優
CCRT00954,円陣
CCRT00955,写楽麿
CCRT00956,冨嶋克樹
CCRT00957,冨樫義博
CCRT00958,冨田はじめ
CCRT00959,冲方丁
CCRT00960,凡天太郎
CCRT00961,凸ノ高秀
CCRT00962,出井州忍
CCRT00963,出口真人
CCRT00964,出口竜正
CCRT00965,出水ぽすか
CCRT00966,函崎灰
CCRT00967,刃森尊
CCRT00968,切明畑光乗
CCRT00969,制野秀一
CCRT00970,前原タケル
CCRT00971,前川K三
CCRT00972,前川かずお
CCRT00973,前川たけし
CCRT00974,前川みずほ
CCRT00975,前川勝
CCRT00976,前田圭吾
CCRT00977,前田智佐
CCRT00978,前田竜幸
CCRT00979,前田良平
CCRT00980,前谷惟光
CCRT00981,剣名舞
CCRT00982,加地君也
CCRT00983,加山功二
CCRT00984,加東和
CCRT00985,加治佐修
CCRT00986,加瀬あつし
CCRT00987,加茂ユウジ
CCRT00988,加茂誠
CCRT00989,加藤ウラオ
CCRT00990,加藤和恵
CCRT00991,加藤唯史
CCRT00992,加藤広史
CCRT00993,加藤春日
CCRT00994,加藤柳一
CCRT00995,加藤淳也
CCRT00996,加藤輝彦
CCRT00997,加賀いさむ
CCRT00998,加賀たけし
CCRT00999,加賀ただし
CCRT01000,加賀五三六
CCRT01001,助野嘉昭
CCRT01002,勝木一嘉
CCRT01003,勝木光
CCRT01004,勝間としを
CCRT01005,勝間としをたをプロダクション
CCRT01006,北内乙三
CCRT01007,北原やすゆき
CCRT01008,北原康行
CCRT01009,北山竜
CCRT01010,北崎拓
CCRT01011,北嶋一喜
CCRT01012,北嶋博明
CCRT01013,北川寛
CCRT01014,北川幸比古
CCRT01015,北斗たかし
CCRT01016,北条司
CCRT01017,北森かつみ
CCRT01018,北浦ジュン
CCRT01019,北田庄吾
CCRT01020,北芝健
CCRT01021,北見けんいち
CCRT01022,北野幸男
CCRT01023,北野英明
CCRT01024,北野詠一
CCRT01025,北鏡太
CCRT01026,北風とんぼ
CCRT01027,十津川菜生
CCRT01028,十知乃高秀
CCRT01029,千之ナイフ
CCRT01030,千田大輔
CCRT01031,千葉潔和
CCRT01032,千阪圭太郎
CCRT01033,南ひろたつ
CCRT01034,南ヒロシ
CCRT01035,南ヒロユキ
CCRT01036,南一平
CCRT01037,南井宏之
CCRT01038,南寛樹
CCRT01039,南条英樹
CCRT01040,南泉寿
CCRT01041,南波健二
CCRT01042,南洋一郎
CCRT01043,南田鹿兵
CCRT01044,南谷昌弘
CCRT01045,南貴大
CCRT01046,南雅也
CCRT01047,原作
CCRT01048,原口清志
CCRT01049,原哲也
CCRT01050,原哲夫
CCRT01051,原案
CCRT01052,原淳
CCRT01053,原田たつろう
CCRT01054,原田カナ
CCRT01055,原田久仁信
CCRT01056,原田重光
CCRT01057,原秀則
CCRT01058,原野洋二郎
CCRT01059,及川友高
CCRT01060,及川徹
CCRT01061,友利卓司
CCRT01062,双刃美
CCRT01063,双葉十三郎
CCRT01064,双見酔
CCRT01065,反転邪郎
CCRT01066,古〔温泉マーク〕ハジメ
CCRT01067,古味直志
CCRT01068,古味直志アルコ
CCRT01069,古城武司
CCRT01070,古屋樹
CCRT01071,古山こうじ
CCRT01072,古川一
CCRT01073,古村還
CCRT01074,古沢優
CCRT01075,古舘春一
CCRT01076,古谷としあき
CCRT01077,古谷三敏
CCRT01078,古谷三敏とフジオプロ
CCRT01079,古谷野孝雄
CCRT01080,古賀新一
CCRT01081,古閑裕一郎
CCRT01082,史村翔
CCRT01083,史生
CCRT01084,史群アル仙
CCRT01085,叶バンチョウ
CCRT01086,叶恭弘
CCRT01087,叶恭弘大河原遁
CCRT01088,司敬
CCRT01089,吉住ケンタ
CCRT01090,吉原薫比古
CCRT01091,吉富昭仁
CCRT01092,吉岡公威
CCRT01093,吉岡道夫
CCRT01094,吉川ゆたか
CCRT01095,吉川美希
CCRT01096,吉川聡史
CCRT01097,吉川英治
CCRT01098,吉川雅之
CCRT01099,吉川雅浩
CCRT01100,吉木まさかず
CCRT01101,吉本浩二
CCRT01102,吉村哲也
CCRT01103,吉村実
CCRT01104,吉森みき男
CCRT01105,吉沢やすみ
CCRT01106,吉沢潤一
CCRT01107,吉沢緑時
CCRT01108,吉河美希
CCRT01109,吉津遼
CCRT01110,吉田ゆたか
CCRT01111,吉田創
CCRT01112,吉田将
CCRT01113,吉田幸二
CCRT01114,吉田慎矢
CCRT01115,吉田憲生
CCRT01116,吉田戦車
CCRT01117,吉田正紀
CCRT01118,吉田滉一
CCRT01119,吉田真
CCRT01120,吉田窓
CCRT01121,吉田竜夫
CCRT01122,吉田竜夫とタツノコプロ
CCRT01123,吉田聡
CCRT01124,吉田譲
CCRT01125,吉田達弥
CCRT01126,吉田陽光
CCRT01127,吉祥寺笑
CCRT01128,吉良たかし
CCRT01129,吉見嘉麿
CCRT01130,吉迫哲彦
CCRT01131,吉野宗助
CCRT01132,吉開寛二
CCRT01133,名島啓二
CCRT01134,吐息寿司酢郎
CCRT01135,向上輝
CCRT01136,向井康介
CCRT01137,向後和幸
CCRT01138,君嶋亘
CCRT01139,吹上俊一
CCRT01140,吹上流一郎
CCRT01141,吾妻ひでお
CCRT01142,吾峠呼世晴
CCRT01143,和久井健
CCRT01144,和同猛
CCRT01145,和月伸宏
CCRT01146,和泉誠
CCRT01147,和田賢二
CCRT01148,和知三平
CCRT01149,咲原ゆういち
CCRT01150,咲香里
CCRT01151,品川KID
CCRT01152,品川ヒロシ
CCRT01153,哲弘
CCRT01154,唐沢思遠
CCRT01155,唐津幻州
CCRT01156,唐鎌光広
CCRT01157,善茂佐清司
CCRT01158,喜国雅彦
CCRT01159,噌西けんじ
CCRT01160,四位晴果
CCRT01161,四谷啓太郎
CCRT01162,団五郎
CCRT01163,国俊昌生
CCRT01164,国友やすゆき
CCRT01165,国広あづさ
CCRT01166,国弘威雄
CCRT01167,国沢まゆみ
CCRT01168,国立山パブロフ
CCRT01169,國分善政
CCRT01170,園田ともひろ
CCRT01171,園田三慶
CCRT01172,園田光慶
CCRT01173,園田光慶田園プロ
CCRT01174,園田辰之助
CCRT01175,圓城康彦
CCRT01176,土塚理弘
CCRT01177,土家すみお
CCRT01178,土屋守
CCRT01179,土山しげる
CCRT01180,土方茂
CCRT01181,土星フジコ
CCRT01182,土田健太
CCRT01183,地引かずや
CCRT01184,地獄のミサワ
CCRT01185,坂元千笑
CCRT01186,坂口安吾
CCRT01187,坂口尚
CCRT01188,坂本しゅうじ
CCRT01189,坂本大
CCRT01190,坂本次郎
CCRT01191,坂本瓢作
CCRT01192,坂本眞一
CCRT01193,坂本真一
CCRT01194,坂本英俊
CCRT01195,坂本裕次郎
CCRT01196,坂田信弘
CCRT01197,城不二也
CCRT01198,城山昇
CCRT01199,堀たくみ
CCRT01200,堀井秀人
CCRT01201,堀内厚徳
CCRT01202,堀口哲也
CCRT01203,堀江卓
CCRT01204,堀田あきお
CCRT01205,堀祐介
CCRT01206,堀越耕平
CCRT01207,堀部健和
CCRT01208,堀雅人
CCRT01209,堂上まさ志
CCRT01210,堂本裕貴
CCRT01211,塀内夏子
CCRT01212,塀内真人
CCRT01213,塚本俊昭
CCRT01214,塚本光治
CCRT01215,塚沢サンゾ夫
CCRT01216,増本繁行
CCRT01217,増村博
CCRT01218,増田こうすけ
CCRT01219,増田ちひろ
CCRT01220,増田ジュン
CCRT01221,増田政二
CCRT01222,増田海
CCRT01223,増田英二
CCRT01224,壺屋翔
CCRT01225,夏原武
CCRT01226,夏山聖樹
CCRT01227,夏木信夫
CCRT01228,夏生尚
CCRT01229,夏目恵二
CCRT01230,夏目義徳
CCRT01231,夕やけ吾郎
CCRT01232,夕樹和史
CCRT01233,外園昌也
CCRT01234,多々良圭
CCRT01235,夢幻
CCRT01236,夢枕獏
CCRT01237,夢枕貘
CCRT01238,夢野有理
CCRT01239,大丸一郎
CCRT01240,大久保彰
CCRT01241,大久保篤
CCRT01242,大亜門
CCRT01243,大今良時
CCRT01244,大住良之
CCRT01245,大倉元則
CCRT01246,大原津樹
CCRT01247,大原英樹
CCRT01248,大和八重子
CCRT01249,大和国男
CCRT01250,大和屋エコ
CCRT01251,大和田夏希
CCRT01252,大場つぐみ
CCRT01253,大場やすお
CCRT01254,大場やす雄
CCRT01255,大場敦
CCRT01256,大塚じんべい
CCRT01257,大塚志郎
CCRT01258,大塚行雄
CCRT01259,大宮直依
CCRT01260,大寺義史
CCRT01261,大岩敏雄
CCRT01262,大島やすいち
CCRT01263,大島司
CCRT01264,大島矢須一
CCRT01265,大崎悌造
CCRT01266,大崎知仁
CCRT01267,大川タケシ
CCRT01268,大平かずお
CCRT01269,大暮維人
CCRT01270,大木さとる
CCRT01271,大本正次
CCRT01272,大村一彦
CCRT01273,大村順一
CCRT01274,大東豊治
CCRT01275,大林かおる
CCRT01276,大林薫
CCRT01277,大柴健
CCRT01278,大柿ロクロウ
CCRT01279,大橋つよし
CCRT01280,大江しんいちろう
CCRT01281,大江慎一郎
CCRT01282,大沢在昌
CCRT01283,大沢祐輔
CCRT01284,大沢貴司
CCRT01285,大河原遁
CCRT01286,大泉太一
CCRT01287,大津皓一
CCRT01288,大瀬さぶろう
CCRT01289,大瀬三郎
CCRT01290,大熊ゆうご
CCRT01291,大熊良
CCRT01292,大田メロン
CCRT01293,大田久行
CCRT01294,大画としゆき
CCRT01295,大石浩二
CCRT01296,大石知哉
CCRT01297,大窪宏明
CCRT01298,大竹ひろあき
CCRT01299,大竹利明
CCRT01300,大竹豊
CCRT01301,大羽隆廣
CCRT01302,大胡太郎
CCRT01303,大舞キリコ
CCRT01304,大西志信
CCRT01305,大西祥平
CCRT01306,大谷きよふみ
CCRT01307,大谷アキラ
CCRT01308,大貫哲義
CCRT01309,大越円花
CCRT01310,大道由貴江
CCRT01311,大野ゆたか
CCRT01312,大野一興
CCRT01313,大野慎司
CCRT01314,大野純二
CCRT01315,大須賀めぐみ
CCRT01316,大須賀玄
CCRT01317,大高忍
CCRT01318,大黒隆
CCRT01319,天塚啓示
CCRT01320,天山まや
CCRT01321,天樹征丸
CCRT01322,天沼俊
CCRT01323,天獅子悦也
CCRT01324,天碕莞爾
CCRT01325,天辰公瞭
CCRT01326,天野いわと
CCRT01327,天野博之
CCRT01328,天野明
CCRT01329,天野洋一
CCRT01330,天馬正人
CCRT01331,太宰勉
CCRT01332,太田垣康男
CCRT01333,太田忠司
CCRT01334,太田正樹
CCRT01335,太田真司
CCRT01336,太田羊羹
CCRT01337,夾竹桃ジン
CCRT01338,奈央晃徳
CCRT01339,奈良一平
CCRT01340,奈良雅彦
CCRT01341,奥原聡
CCRT01342,奥浩哉
CCRT01343,奥英樹
CCRT01344,奥谷みちのり
CCRT01345,奥谷ミチノリ
CCRT01346,奥間セイ
CCRT01347,如月次郎
CCRT01348,宇佐崎しろ
CCRT01349,宇佐美道子
CCRT01350,宇土まんぶ
CCRT01351,宇土学
CCRT01352,宇崎アルム
CCRT01353,宇都宮克彦
CCRT01354,宇野智哉
CCRT01355,宇野比呂士
CCRT01356,守谷哲巳
CCRT01357,安宅一也
CCRT01358,安房野遊人
CCRT01359,安永浩一郎
CCRT01360,安永航一郎
CCRT01361,安田剛士
CCRT01362,安田祥憲
CCRT01363,安童夕馬
CCRT01364,安紀宏紀
CCRT01365,安藤英
CCRT01366,安藤隆人
CCRT01367,安西信行
CCRT01368,安西信行☆野坂恒
CCRT01369,安達哲
CCRT01370,安達士郎
CCRT01371,安部真弘
CCRT01372,宗田豪
CCRT01373,実樹ぶきみ
CCRT01374,室哲也
CCRT01375,室鉄也
CCRT01376,宮のぶなお
CCRT01377,宮下あきら
CCRT01378,宮下あきらと熱血少年団
CCRT01379,宮下あきらと熱血青年団
CCRT01380,宮下あきらと風雲青年団
CCRT01381,宮咲かずお
CCRT01382,宮坂栄一
CCRT01383,宮塢さなえ
CCRT01384,宮島しげる
CCRT01385,宮島京平
CCRT01386,宮島康裕
CCRT01387,宮島礼吏
CCRT01388,宮島雅憲
CCRT01389,宮崎かずお
CCRT01390,宮崎まさる
CCRT01391,宮崎博文
CCRT01392,宮崎周平
CCRT01393,宮崎惇
CCRT01394,宮嶋勝典
CCRT01395,宮敏彦
CCRT01396,宮本和也
CCRT01397,宮永優希
CCRT01398,宮沢賢治
CCRT01399,宮田伸
CCRT01400,宮田大輔
CCRT01401,宮田栄治
CCRT01402,宮田英俊
CCRT01403,宮腰義勝
CCRT01404,宮谷一彦
CCRT01405,宮谷拳豪
CCRT01406,宮﨑克
CCRT01407,宵町めめ
CCRT01408,富井明
CCRT01409,富士鷹なすび
CCRT01410,富永俊治「三原脩の昭和三十五年」(洋泉社)
CCRT01411,富沢ひとし
CCRT01412,富沢佑
CCRT01413,富沢信
CCRT01414,富沢千夏
CCRT01415,富沢順
CCRT01416,富田常雄
CCRT01417,富田純一
CCRT01418,富野由悠季
CCRT01419,寒川一之
CCRT01420,寺子屋瀬文
CCRT01421,寺島優
CCRT01422,寺島英樹
CCRT01423,寺嶋としお
CCRT01424,寺嶋将司
CCRT01425,寺嶋裕二
CCRT01426,寺沢大介
CCRT01427,寺沢武一
CCRT01428,寺田ヒロオ
CCRT01429,寿五郎
CCRT01430,小久保政則
CCRT01431,小倉祐也
CCRT01432,小原たくみ
CCRT01433,小城徹也
CCRT01434,小堀洋
CCRT01435,小堀真
CCRT01436,小太刀右京
CCRT01437,小室一
CCRT01438,小室孝太郎
CCRT01439,小宮さなえ
CCRT01440,小宮たつのぶ
CCRT01441,小宮山健太
CCRT01442,小宮山優作
CCRT01443,小山ゆう
CCRT01444,小山ゆうじろう
CCRT01445,小山ゆうとスタジオ・シップ
CCRT01446,小山内宏
CCRT01447,小山内武士
CCRT01448,小山愛子
CCRT01449,小山春夫
CCRT01450,小山田いく
CCRT01451,小山田つとむ
CCRT01452,小山田つとむとダイナミックプロ
CCRT01453,小山田つとむとダイナミック・プロ
CCRT01454,小山祐太
CCRT01455,小島一将
CCRT01456,小島利明©愛プロ
CCRT01457,小島正春
CCRT01458,小島歩
CCRT01459,小島茂之
CCRT01460,小川ひろみ
CCRT01461,小川修
CCRT01462,小川悦司
CCRT01463,小川智明
CCRT01464,小川真孝
CCRT01465,小幡英雄
CCRT01466,小成たか紀
CCRT01467,小松君郎
CCRT01468,小松崎茂
CCRT01469,小松左京
CCRT01470,小林けいすけ
CCRT01471,小林たつよし
CCRT01472,小林ひろゆき
CCRT01473,小林まこと
CCRT01474,小林ゆき
CCRT01475,小林よしのり
CCRT01476,小林よしのりと異NORMAL-ZOKU
CCRT01477,小林よりのり
CCRT01478,小林ツトム
CCRT01479,小林一夫
CCRT01480,小林俊彦
CCRT01481,小林啓祐
CCRT01482,小林尽
CCRT01483,小林徹也
CCRT01484,小林拙太
CCRT01485,小林正美
CCRT01486,小林浩道
CCRT01487,小林義永
CCRT01488,小林裕和
CCRT01489,小林辰禎
CCRT01490,小林開
CCRT01491,小栗かずまた
CCRT01492,小森陽一
CCRT01493,小森陽一(トッキュー!!)
CCRT01494,小池たかし
CCRT01495,小池一夫
CCRT01496,小池一雄
CCRT01497,小池栄治
CCRT01498,小池桂一
CCRT01499,小沢さとる
CCRT01500,小沢としお
CCRT01501,小沢俊一
CCRT01502,小沢利雄
CCRT01503,小沼洋一
CCRT01504,小泉裕洋
CCRT01505,小澤淳
CCRT01506,小田克己
CCRT01507,小田創三
CCRT01508,小田弘士
CCRT01509,小田扉
CCRT01510,小田智仁
CCRT01511,小畑しゅんじ
CCRT01512,小畑健
CCRT01513,小笠原十余志
CCRT01514,小笠原真
CCRT01515,小笹和俊
CCRT01516,小菊路よう
CCRT01517,小西紀行
CCRT01518,小谷憲一
CCRT01519,小野ハルカ
CCRT01520,小野俊輔
CCRT01521,小野大空
CCRT01522,小野寺真央
CCRT01523,小野新二
CCRT01524,小野玄暉
CCRT01525,小阪としお
CCRT01526,小阪寿夫
CCRT01527,小高仁市
CCRT01528,小黒明
CCRT01529,尹仁完
CCRT01530,尾形和也
CCRT01531,尾津神がしき
CCRT01532,尾瀬あきら
CCRT01533,尾玉なみえ
CCRT01534,尾田栄一郎
CCRT01535,屋代川隆史
CCRT01536,屋宜知宏
CCRT01537,屋立肇
CCRT01538,山ね一二三
CCRT01539,山上たつひこ
CCRT01540,山上たつひこぷらす金城広道片岡徹治
CCRT01541,山上龍彦
CCRT01542,山下てつお
CCRT01543,山下勲
CCRT01544,山下哲男
CCRT01545,山下文吾
CCRT01546,山下祐
CCRT01547,山下裕
CCRT01548,山下雅彦
CCRT01549,山中恒
CCRT01550,山仲剛太
CCRT01551,山内繁利
CCRT01552,山内雪奈生
CCRT01553,山口かつみ
CCRT01554,山口さぷり
CCRT01555,山口まさかず
CCRT01556,山口ミコト
CCRT01557,山口勝義
CCRT01558,山口博史
CCRT01559,山口大輔
CCRT01560,山口正人
CCRT01561,山口琢也
CCRT01562,山口譲司
CCRT01563,山口貴由
CCRT01564,山地ひでのり
CCRT01565,山岡ともみ
CCRT01566,山岡ミツヤ
CCRT01567,山崎まさる
CCRT01568,山崎京
CCRT01569,山崎政直
CCRT01570,山川かおり
CCRT01571,山川コージロー
CCRT01572,山川大助
CCRT01573,山川弘次郎
CCRT01574,山川惣治
CCRT01575,山本いさむ
CCRT01576,山本かすみ
CCRT01577,山本こう平
CCRT01578,山本まさはる
CCRT01579,山本よしふみ
CCRT01580,山本アヒル
CCRT01581,山本コーシロー
CCRT01582,山本ノリカズ
CCRT01583,山本ヤマト
CCRT01584,山本亮平
CCRT01585,山本崇一朗
CCRT01586,山本幸四郎
CCRT01587,山本康人
CCRT01588,山本弘
CCRT01589,山本晃
CCRT01590,山本智
CCRT01591,山本純二
CCRT01592,山本航暉
CCRT01593,山本茂美
CCRT01594,山本貴嗣
CCRT01595,山本賢治
CCRT01596,山本邦一
CCRT01597,山村俊
CCRT01598,山松ゆうきち
CCRT01599,山根和俊
CCRT01600,山根聖史
CCRT01601,山根赤鬼
CCRT01602,山根青鬼
CCRT01603,山桃浩司
CCRT01604,山止たつひこ
CCRT01605,山武
CCRT01606,山田X
CCRT01607,山田えいじ
CCRT01608,山田こうすけ
CCRT01609,山田はるき
CCRT01610,山田一喜
CCRT01611,山田一樹
CCRT01612,山田克郎
CCRT01613,山田和重
CCRT01614,山田孝輔
CCRT01615,山田常夫
CCRT01616,山田恵庸
CCRT01617,山田新(医療機器メーカー社員)
CCRT01618,山田玲司
CCRT01619,山田真弘
CCRT01620,山田秋太郎
CCRT01621,山田胡瓜
CCRT01622,山田良明
CCRT01623,山田芳裕
CCRT01624,山田貴敏
CCRT01625,山田鐘人
CCRT01626,山田順子(東京少年犯罪研究会主幹)
CCRT01627,山草遊
CCRT01628,山野浩一
CCRT01629,山際淳司
CCRT01630,岐澄森
CCRT01631,岡久佳弘
CCRT01632,岡啓介
CCRT01633,岡崎つぐお
CCRT01634,岡崎つぐみ
CCRT01635,岡崎沙美
CCRT01636,岡崎瑞生
CCRT01637,岡崎純平
CCRT01638,岡昌平
CCRT01639,岡春樹
CCRT01640,岡本まさあき
CCRT01641,岡本典久
CCRT01642,岡本喜道
CCRT01643,岡本尚
CCRT01644,岡本春助
CCRT01645,岡村茂
CCRT01646,岡村賢二
CCRT01647,岡田きじ
CCRT01648,岡田ユキオ
CCRT01649,岡田征司
CCRT01650,岡田敦志
CCRT01651,岡田有希
CCRT01652,岡田蜜
CCRT01653,岡田鯛
CCRT01654,岡田麿里
CCRT01655,岡野剛
CCRT01656,岩丸
CCRT01657,岩代俊明
CCRT01658,岩佐まもる
CCRT01659,岩塚佳和
CCRT01660,岩塚卓
CCRT01661,岩崎健二
CCRT01662,岩崎優次
CCRT01663,岩崎呉夫
CCRT01664,岩崎稔
CCRT01665,岩崎誠
CCRT01666,岩明均
CCRT01667,岩本久則
CCRT01668,岩本直輝
CCRT01669,岩村俊哉
CCRT01670,岩泉舞
CCRT01671,岩渕明
CCRT01672,岩田やすてる
CCRT01673,岩田康照
CCRT01674,岩貞るみこ
CCRT01675,岩重孝
CCRT01676,岸みきお
CCRT01677,岸大武郎
CCRT01678,岸本おさむ
CCRT01679,岸本修
CCRT01680,岸本斉史
CCRT01681,峯たろう
CCRT01682,峰岸とおる
CCRT01683,峰浪りょう
CCRT01684,島崎カオル
CCRT01685,島崎譲
CCRT01686,島本和彦
CCRT01687,島村真季
CCRT01688,島村英康
CCRT01689,島津ひろみ
CCRT01690,島田よしはる
CCRT01691,島田好晴
CCRT01692,島田英次郎
CCRT01693,島田賢司
CCRT01694,島袋光年
CCRT01695,島袋光年×尾田栄一郎
CCRT01696,島﨑結太
CCRT01697,嵩橋ヒデキ
CCRT01698,嶋けんじ
CCRT01699,嶋本清司
CCRT01700,川三番地
CCRT01701,川上健一
CCRT01702,川久保栄二
CCRT01703,川井十三
CCRT01704,川内康範
CCRT01705,川原正敏
CCRT01706,川口幸範
CCRT01707,川口憲吾
CCRT01708,川口敬
CCRT01709,川口敬太郎
CCRT01710,川地和樹
CCRT01711,川室真
CCRT01712,川尻よしひろ
CCRT01713,川島よしお
CCRT01714,川島よしかず
CCRT01715,川島博幸
CCRT01716,川島雄輝
CCRT01717,川崎のぼる
CCRT01718,川崎のぼるとカワサキプロ
CCRT01719,川崎のぼるとカワサキプロ作品
CCRT01720,川崎のぼるの
CCRT01721,川崎のぼるのとカワサキプロ
CCRT01722,川手浩次
CCRT01723,川本コオ
CCRT01724,川村拓
CCRT01725,川田
CCRT01726,川田×藤巻忠俊
CCRT01727,川端浩典
CCRT01728,工藤かずや
CCRT01729,工藤俊生
CCRT01730,工藤奏一郎
CCRT01731,工藤律子
CCRT01732,工藤晋
CCRT01733,工藤篤大
CCRT01734,左藤ショーキ
CCRT01735,左近士諒
CCRT01736,巻来功士
CCRT01737,市川マサ
CCRT01738,市川正孝
CCRT01739,市川能里
CCRT01740,市橋俊介
CCRT01741,市田実
CCRT01742,布勢博一
CCRT01743,幡地英明
CCRT01744,平丸一也
CCRT01745,平井和正
CCRT01746,平井善之
CCRT01747,平健史
CCRT01748,平塚八兵衛
CCRT01749,平尾友秀
CCRT01750,平山賢治
CCRT01751,平川哲弘
CCRT01752,平手将之
CCRT01753,平方昌宏
CCRT01754,平松伸二
CCRT01755,平松真二
CCRT01756,平林佐和子
CCRT01757,平沢たかゆき
CCRT01758,平沢隆行
CCRT01759,平沢雷介
CCRT01760,平田達彦
CCRT01761,平野仁
CCRT01762,平野正臣
CCRT01763,平野稜二
CCRT01764,幸村誠
CCRT01765,幸野“GOSSAGE”武
CCRT01766,幸野武
CCRT01767,広井王子
CCRT01768,広河隆一
CCRT01769,庄司もりたか
CCRT01770,廣瀬俊
CCRT01771,廣田勝実
CCRT01772,廣田大地
CCRT01773,弓一人
CCRT01774,弘兼憲史
CCRT01775,弥崎光
CCRT01776,弾竜雄
CCRT01777,彦根洋平
CCRT01778,彭傑
CCRT01779,彰田令貴
CCRT01780,彰田櫺貴
CCRT01781,影丸譲也
CCRT01782,影丸譲也J・Ｋプロ
CCRT01783,影丸譲也とJ・Kプロ
CCRT01784,影丸譲也とJ・Kプロダクション
CCRT01785,影丸譲也とＪ・Ｋプロ
CCRT01786,影丸譲也とＪ．Ｋプロ
CCRT01787,後藤ゆきお
CCRT01788,後藤俊夫
CCRT01789,後藤慶介
CCRT01790,後藤新弥
CCRT01791,後藤正治
CCRT01792,後藤竜児
CCRT01793,後藤逸平
CCRT01794,後藤隼平
CCRT01795,徐誉庭
CCRT01796,御厨さと美
CCRT01797,御堂たかし
CCRT01798,御手洗便三
CCRT01799,御童カズヒコ
CCRT01800,御茶漬海苔
CCRT01801,徳乃弘
CCRT01802,徳光康之
CCRT01803,徳川神千
CCRT01804,徳弘正也
CCRT01805,徳田春生
CCRT01806,徳重たかし
CCRT01807,忌木一郎
CCRT01808,忍
CCRT01809,忍一兵
CCRT01810,志水アキ
CCRT01811,恵広史
CCRT01812,愛川てつや
CCRT01813,愛本ゆみ
CCRT01814,成合雄彦
CCRT01815,成瀬優
CCRT01816,成田良悟
CCRT01817,我妻デニス
CCRT01818,我妻利光
CCRT01819,我孫子祐
CCRT01820,戸川幸夫
CCRT01821,戸田クニカズ
CCRT01822,戸田尚伸
CCRT01823,戸田泰成
CCRT01824,戸田純
CCRT01825,戸田邦和
CCRT01826,戸舘新吾
CCRT01827,戸谷稔
CCRT01828,戸館新吾
CCRT01829,所十三
CCRT01830,手代木史織
CCRT01831,手塚治虫
CCRT01832,手無功
CCRT01833,打見佑祐
CCRT01834,折口良人
CCRT01835,押村勇悟
CCRT01836,拓磨彰彦
CCRT01837,掛丸翔
CCRT01838,摩周貴
CCRT01839,政岡としや
CCRT01840,文月剣太郎
CCRT01841,斉藤たかし
CCRT01842,斉藤むねお
CCRT01843,斉藤ヒロシ
CCRT01844,斉藤久雄
CCRT01845,斉藤亜弓
CCRT01846,斉藤博
CCRT01847,斉藤富士夫
CCRT01848,斉藤尚子
CCRT01849,斉藤尚武
CCRT01850,斉藤明
CCRT01851,斉藤的作
CCRT01852,斉藤義昭
CCRT01853,斉藤邦和
CCRT01854,斉藤雅巳
CCRT01855,斎藤たかを
CCRT01856,斎藤ゆずる
CCRT01857,斎藤修
CCRT01858,斎藤和明
CCRT01859,斎藤尚子
CCRT01860,斜塔タワー
CCRT01861,新井たみ重
CCRT01862,新井久夫
CCRT01863,新井智絵
CCRT01864,新井隆広
CCRT01865,新保勝実
CCRT01866,新保勝美
CCRT01867,新倉かずや
CCRT01868,新妻克朗
CCRT01869,新宮正春
CCRT01870,新岡いさお
CCRT01871,新島良教
CCRT01872,新沢基栄
CCRT01873,新沢靖臣
CCRT01874,新海加寿斗
CCRT01875,新清児
CCRT01876,新田たつお
CCRT01877,新田次郎
CCRT01878,新田瀕死
CCRT01879,新谷かおる
CCRT01880,新谷よしひろ
CCRT01881,施川ユウキ
CCRT01882,日の丸ひろし
CCRT01883,日向武史
CCRT01884,日向葵
CCRT01885,日和一悟。
CCRT01886,日日日
CCRT01887,日野日出志
CCRT01888,早乙女勝元
CCRT01889,早坂よしゆき
CCRT01890,早坂ガブ
CCRT01891,早坂暁
CCRT01892,早坂照明
CCRT01893,早瀬たかし
CCRT01894,早瀬淳
CCRT01895,早見利一
CCRT01896,旭丘光志
CCRT01897,旭丘光志と旭丘プロダクション
CCRT01898,旭凛太郎
CCRT01899,明石のぼる
CCRT01900,星川てっぷ
CCRT01901,星野ちあき
CCRT01902,星野之宣
CCRT01903,星野倖一郎
CCRT01904,星野功一
CCRT01905,星野桂
CCRT01906,星野泰視
CCRT01907,春原ロビンソン
CCRT01908,春場ねぎ
CCRT01909,春壱
CCRT01910,春日井恵一
CCRT01911,春日井明
CCRT01912,春日光広
CCRT01913,春日真
CCRT01914,春風邪三太
CCRT01915,昭時大紀
CCRT01916,晃山本
CCRT01917,普津澤画乃
CCRT01918,普津澤画乃新
CCRT01919,智田うに
CCRT01920,暁月あきら
CCRT01921,暮橋剣三郎
CCRT01922,曼陀羅
CCRT01923,曽山一寿
CCRT01924,曽田正人
CCRT01925,月山可也
CCRT01926,月島薫
CCRT01927,有吉正徳
CCRT01928,有森丈時
CCRT01929,有美新生
CCRT01930,有至もとや
CCRT01931,有賀ヒトシ
CCRT01932,有賀照人
CCRT01933,服部かずみ
CCRT01934,服部昇大
CCRT01935,服部治朗
CCRT01936,望月
CCRT01937,望月あきら
CCRT01938,望月三起也
CCRT01939,朝基まさし
CCRT01940,木々津克久
CCRT01941,木下惠司
CCRT01942,木下由一
CCRT01943,木下聡志
CCRT01944,木串寧
CCRT01945,木佐貫卓
CCRT01946,木全和也
CCRT01947,木多康昭
CCRT01948,木山シゲル
CCRT01949,木山茂
CCRT01950,木島智
CCRT01951,木崎浩
CCRT01952,木崎笑平
CCRT01953,木戸麻美
CCRT01954,木本よし子
CCRT01955,木本正次
CCRT01956,木村えいじ
CCRT01957,木村さとし
CCRT01958,木村シュウジ
CCRT01959,木村一成
CCRT01960,木村光久
CCRT01961,木村公一
CCRT01962,木村勇治
CCRT01963,木村和昭
CCRT01964,木村浩人
CCRT01965,木村登美雄
CCRT01966,木村県士
CCRT01967,木村知夫
CCRT01968,木村知生
CCRT01969,木村聡
CCRT01970,木村謙午
CCRT01971,木村豪
CCRT01972,木田昌司
CCRT01973,未央あきら
CCRT01974,末本栄
CCRT01975,本そういち
CCRT01976,本名ワコウ
CCRT01977,本名啓介
CCRT01978,本宮ひろし
CCRT01979,本宮ひろ志
CCRT01980,本宮ひろ志とうちのかあちゃん
CCRT01981,本宮ひろ志とつらら
CCRT01982,本宮ひろ志とめ組
CCRT01983,本宮ひろ志と新選組
CCRT01984,本宮ひろ志と新鮮組
CCRT01985,本山一城
CCRT01986,本島幸久
CCRT01987,本庄敬
CCRT01988,本田晶人
CCRT01989,本田真吾
CCRT01990,本間千恵子
CCRT01991,杉作
CCRT01992,杉信洋平
CCRT01993,杉四郎
CCRT01994,杉山真弓
CCRT01995,杉山義法
CCRT01996,杉本ペロ
CCRT01997,杉本洋平
CCRT01998,杉村麦太
CCRT01999,杉根英明
CCRT02000,杉森建
CCRT02001,杉浦洸
CCRT02002,杉田A子
CCRT02003,杉田尚
CCRT02004,李春子
CCRT02005,村上としや
CCRT02006,村上もとか
CCRT02007,村上もとこ
CCRT02008,村上よしゆき
CCRT02009,村上護
CCRT02010,村中孝
CCRT02011,村八分
CCRT02012,村山由佳
CCRT02013,村岡ユウ
CCRT02014,村岡栄一
CCRT02015,村川和宏
CCRT02016,村川未来
CCRT02017,村形順子
CCRT02018,村松栄市
CCRT02019,村枝賢一
CCRT02020,村瀬克俊
CCRT02021,村生ミオ
CCRT02022,村田安志
CCRT02023,村田雄介
CCRT02024,村祖俊一
CCRT02025,村肝篤仁
CCRT02026,村野守美
CCRT02027,杠憲太
CCRT02028,東タイラ
CCRT02029,東京ピーマンCLUB
CCRT02030,東佳伸
CCRT02031,東村アキコ
CCRT02032,東條さち子
CCRT02033,東毅
CCRT02034,東海太郎
CCRT02035,東直輝
CCRT02036,東篤志
CCRT02037,東郷隆
CCRT02038,松下こーいち
CCRT02039,松下ケンイチ
CCRT02040,松久淳
CCRT02041,松井優征
CCRT02042,松井努
CCRT02043,松井智
CCRT02044,松元おさむ
CCRT02045,松元出樹
CCRT02046,松原ひろし
CCRT02047,松坂奈緒
CCRT02048,松尾あき
CCRT02049,松山せいじ
CCRT02050,松島幸太朗
CCRT02051,松島幸太郎
CCRT02052,松木洋一郎
CCRT02053,松本かんじ
CCRT02054,松本ひで吉
CCRT02055,松本めぐむ
CCRT02056,松本レオ
CCRT02057,松本久志
CCRT02058,松本喜代隆
CCRT02059,松本大治
CCRT02060,松本直也
CCRT02061,松本直記
CCRT02062,松本英
CCRT02063,松本豊
CCRT02064,松本零士
CCRT02065,松村さとる
CCRT02066,松村大志
CCRT02067,松枝尚嗣
CCRT02068,松根英明
CCRT02069,松江名俊
CCRT02070,松沢節
CCRT02071,松浦聡彦
CCRT02072,松王太子
CCRT02073,松田としあき
CCRT02074,松田一輝
CCRT02075,松田俊幸
CCRT02076,松田尚正
CCRT02077,松田慎太郎
CCRT02078,松田望
CCRT02079,松田知隆
CCRT02080,松田隆智
CCRT02081,松雪ヨウ
CCRT02082,板井れんたろう
CCRT02083,板井レンタロー
CCRT02084,板倉義一
CCRT02085,板倉雄一
CCRT02086,板垣巴留
CCRT02087,板垣恵介
CCRT02088,板橋しゅうほうとアルゴノウツ
CCRT02089,林倫恵子
CCRT02090,林八蔵
CCRT02091,林哲郎
CCRT02092,林屋源之介
CCRT02093,林廣美
CCRT02094,林律雄
CCRT02095,林文博
CCRT02096,林爆象
CCRT02097,林聖二
CCRT02098,林荘次
CCRT02099,林雄一
CCRT02100,果向浩平
CCRT02101,枡谷たけし
CCRT02102,枡谷タケシ
CCRT02103,枩岡佳範
CCRT02104,架神恭介
CCRT02105,架空まさる
CCRT02106,柏原兵三
CCRT02107,柏葉ヒロ
CCRT02108,柳内大樹
CCRT02109,柳家小きん
CCRT02110,柳屋小きん
CCRT02111,柳川よしひろ
CCRT02112,柳川ヨシヒロ
CCRT02113,柳沢きみお
CCRT02114,柳沢みきお
CCRT02115,柳沢公夫
CCRT02116,柳澤鉄郎
CCRT02117,柳田東一郎
CCRT02118,柴山みのる
CCRT02119,柴山実
CCRT02120,柴田よしき
CCRT02121,柴田昌弘
CCRT02122,柴田芳樹
CCRT02123,柴田英行
CCRT02124,柴田錬三郎
CCRT02125,柴門ふみ
CCRT02126,柿崎正澄
CCRT02127,栖徒伊シズム
CCRT02128,栗元健太郎
CCRT02129,栗山ミヅキ
CCRT02130,栗山武史
CCRT02131,根岸康雄
CCRT02132,根岸要三
CCRT02133,根建飛鳥
CCRT02134,根本尚
CCRT02135,根田啓史
CCRT02136,桂正和
CCRT02137,桂真佐喜
CCRT02138,桃の木舞
CCRT02139,桐山光侍
CCRT02140,桐嶋たける
CCRT02141,桐幡歩
CCRT02142,桑原久夫
CCRT02143,桑原保夫
CCRT02144,桑原昭弘
CCRT02145,桑原眞二
CCRT02146,桑原真也
CCRT02147,桑本佳明
CCRT02148,桑森陽太
CCRT02149,桑沢篤夫
CCRT02150,桑田次郎
CCRT02151,桜井のりお
CCRT02152,桜井はじめ
CCRT02153,桜井亜都
CCRT02154,桜井康雄
CCRT02155,桜井沙夜
CCRT02156,桜場コハル
CCRT02157,桜森テツヒロ
CCRT02158,桜河貞宗
CCRT02159,桝谷タケシ
CCRT02160,桶谷五郎
CCRT02161,梁慶一
CCRT02162,梅山たらこ
CCRT02163,梅本さちお
CCRT02164,梅沢勇人
CCRT02165,梅沢庄亮
CCRT02166,梅澤春人
CCRT02167,梅田貴信
CCRT02168,梅田阿比
CCRT02169,梢つぐみ
CCRT02170,梧桐柾木
CCRT02171,梶原一輝
CCRT02172,梶原一騎
CCRT02173,梶川良
CCRT02174,梶研吾
CCRT02175,棚橋なもしろ
CCRT02176,森みちこ
CCRT02177,森一生
CCRT02178,森下ひろみ
CCRT02179,森下裕美
CCRT02180,森井崇正
CCRT02181,森原せいや
CCRT02182,森多ヒロ
CCRT02183,森多博)
CCRT02184,森尾正博
CCRT02185,森岡ペペ
CCRT02186,森崎友紀
CCRT02187,森川ジョージ
CCRT02188,森末慎二
CCRT02189,森本ともはる
CCRT02190,森本ノエル
CCRT02191,森本梢子
CCRT02192,森村たつお
CCRT02193,森正人
CCRT02194,森浦勲
CCRT02195,森猛夫
CCRT02196,森田まさのり
CCRT02197,森田俊平
CCRT02198,森田克俊
CCRT02199,森田外骨格
CCRT02200,森田将文
CCRT02201,森田拳次
CCRT02202,森田拳次とげんこつプロ
CCRT02203,森田森魚
CCRT02204,森田浩光
CCRT02205,森田滋
CCRT02206,森田雅博
CCRT02207,森真理
CCRT02208,森秀樹
CCRT02209,森絵都
CCRT02210,森繁拓真
CCRT02211,森藤よしひろ
CCRT02212,森遊作
CCRT02213,森高夕次
CCRT02214,植けんいち
CCRT02215,椎名高志
CCRT02216,椎橋寛
CCRT02217,椿アキラ
CCRT02218,椿太郎
CCRT02219,楠みちはる
CCRT02220,楠原けんじ
CCRT02221,楠本哲
CCRT02222,楠桂
CCRT02223,楳図かずお
CCRT02224,楽永ユキ
CCRT02225,榊まさる
CCRT02226,榊ショウタ
CCRT02227,榊健滋
CCRT02228,榊竜哉
CCRT02229,榎伸晃
CCRT02230,榎本智
CCRT02231,榎本有也
CCRT02232,槇村ただし
CCRT02233,槇村康之
CCRT02234,槇村泰之
CCRT02235,構成鹿賀ミツル
CCRT02236,樋口まさよピ
CCRT02237,樋口大輔
CCRT02238,樋口達人
CCRT02239,樋口雅一
CCRT02240,樋田和彦
CCRT02241,権平ひつじ
CCRT02242,横山ひろ
CCRT02243,横山まさみち
CCRT02244,横山まさみちと横山プロ
CCRT02245,横山まさみちと横山プロダクション
CCRT02246,横山まさみち田川きよしと横山プロ
CCRT02247,横山光輝
CCRT02248,横山秀夫
CCRT02249,横山裕二
CCRT02250,横山隆一
CCRT02251,横山雅彦
CCRT02252,横島一
CCRT02253,横溝正史
CCRT02254,横田卓馬
CCRT02255,樹崎聖
CCRT02256,橋口たかし
CCRT02257,橋口隆志
CCRT02258,橋場千晶
CCRT02259,橋本きんいち
CCRT02260,橋本俊二
CCRT02261,橋本健太郎
CCRT02262,橋本勝巳
CCRT02263,橋本巌と佐藤利夫
CCRT02264,橋本時計店
CCRT02265,橋高雄
CCRT02266,橘外男
CCRT02267,橘賢一
CCRT02268,櫻井あつひと
CCRT02269,櫻森和駿
CCRT02270,次原隆二
CCRT02271,正吉良カラク
CCRT02272,正木秀尚
CCRT02273,此元和津也
CCRT02274,武井和也(外科医)
CCRT02275,武井宏之
CCRT02276,武井宏文
CCRT02277,武内つなよし
CCRT02278,武内タケル
CCRT02279,武内トオル
CCRT02280,武内伸
CCRT02281,武内香菜
CCRT02282,武村勇治
CCRT02283,武狼ひろみ
CCRT02284,武田正敏
CCRT02285,武田薫
CCRT02286,武石正道
CCRT02287,武藤将吾
CCRT02288,武論尊
CCRT02289,比佐芳武
CCRT02290,毛利太亮
CCRT02291,毬村まりお
CCRT02292,氏家ト全
CCRT02293,氏家卜全
CCRT02294,気駕正彦
CCRT02295,水あさと
CCRT02296,水上智志
CCRT02297,水元あきつぐ
CCRT02298,水元昭嗣
CCRT02299,水口尚樹
CCRT02300,水島力也
CCRT02301,水島新司
CCRT02302,水島新司とそのクリンアップ
CCRT02303,水島新司と水島プロ
CCRT02304,水島朗
CCRT02305,水手育
CCRT02306,水手育(オーミステイク)
CCRT02307,水木しげる
CCRT02308,水木しげる水木プロ作品
CCRT02309,水森崇史
CCRT02310,水穂しゅうし
CCRT02311,水蓮寺ルカ(畑健二郎
CCRT02312,水薙竜唳
CCRT02313,水谷龍二
CCRT02314,水野光博
CCRT02315,水野康弘
CCRT02316,水野晴郎
CCRT02317,水野輝昭
CCRT02318,氷幻嵩人
CCRT02319,永久保貴一
CCRT02320,永井豪
CCRT02321,永井豪とダイナミックプロ
CCRT02322,永井豪とダイナミック・プロ
CCRT02323,永井豪と駄位納密苦風〔＾゜〕呂
CCRT02324,永吉たける
CCRT02325,永宮隆路
CCRT02326,永山愛子
CCRT02327,永峰休次郎
CCRT02328,永島慎二
CCRT02329,永椎晃平
CCRT02330,永田光起
CCRT02331,永野あかね
CCRT02332,江原伸
CCRT02333,江口寿史
CCRT02334,江尻立真
CCRT02335,江川達也
CCRT02336,江波じょうじ
CCRT02337,江波譲二
CCRT02338,池上正人
CCRT02339,池上遼一
CCRT02340,池内志匡
CCRT02341,池内誠一
CCRT02342,池本幹雄
CCRT02343,池沢さとし
CCRT02344,池沢春人
CCRT02345,池田ひろし
CCRT02346,池田俊一
CCRT02347,池田圭司
CCRT02348,池田恵介
CCRT02349,池田晃久
CCRT02350,池田祐希
CCRT02351,池田鷹一
CCRT02352,池野雅博
CCRT02353,沖一
CCRT02354,沖田真
CCRT02355,沖田龍児
CCRT02356,沢本栄二郎
CCRT02357,沢村烈
CCRT02358,沢田ひろふみ
CCRT02359,沢田みのる
CCRT02360,沢田ショウ
CCRT02361,沢田ユキオ
CCRT02362,沢田博文
CCRT02363,沢田竜治
CCRT02364,沢野遼太
CCRT02365,河下水希
CCRT02366,河北タケシ
CCRT02367,河原和音
CCRT02368,河原武美
CCRT02369,河口仁
CCRT02370,河口仁と白バラグループ
CCRT02371,河合克敏
CCRT02372,河合単
CCRT02373,河合英則
CCRT02374,河方かおる
CCRT02375,河森正治
CCRT02376,河田寛
CCRT02377,河田悠也
CCRT02378,河田悠冶
CCRT02379,河田悠治
CCRT02380,河西和久
CCRT02381,河野慶
CCRT02382,油井泉
CCRT02383,沼よしのぶ
CCRT02384,沼田清
CCRT02385,沼田純
CCRT02386,沼駿
CCRT02387,泉昭典
CCRT02388,泉藤進
CCRT02389,波多野康史
CCRT02390,波良章
CCRT02391,津島匠
CCRT02392,津田今日子
CCRT02393,流石景
CCRT02394,浅上えっそ
CCRT02395,浅井まさのぶ
CCRT02396,浅井ゆきお
CCRT02397,浅井信悟
CCRT02398,浅井昭博
CCRT02399,浅利義遠
CCRT02400,浅田弘幸
CCRT02401,浅田彰宏
CCRT02402,浅美裕子
CCRT02403,浅野りじ
CCRT02404,浅野優
CCRT02405,浜中明
CCRT02406,浜原蓮
CCRT02407,浜岡賢次
CCRT02408,浜川あやこ
CCRT02409,浜慎二
CCRT02410,浦山慎也
CCRT02411,浦川たかし
CCRT02412,浦沢直樹
CCRT02413,浦田カズヒロ
CCRT02414,浪速小吉
CCRT02415,海図洋介
CCRT02416,海島千本
CCRT02417,海老根一樹
CCRT02418,淀川さんぽ
CCRT02419,深代千唐
CCRT02420,深山和香
CCRT02421,清つねお
CCRT02422,清水たかし
CCRT02423,清水栄一
CCRT02424,清水洋三
CCRT02425,渋田武士
CCRT02426,渋谷とおる
CCRT02427,渋谷徹
CCRT02428,渚みつる
CCRT02429,渡れい
CCRT02430,渡瀬悠宇
CCRT02431,渡辺さだよし
CCRT02432,渡辺二巳秀
CCRT02433,渡辺和彦
CCRT02434,渡辺大輝
CCRT02435,渡辺美和
CCRT02436,渡辺義彦
CCRT02437,渡辺航
CCRT02438,渡辺諒
CCRT02439,渡辺静
CCRT02440,渡邉築
CCRT02441,渡部精二
CCRT02442,渥美駿
CCRT02443,湯村いむろ
CCRT02444,湯浅ひとし
CCRT02445,満富宏文
CCRT02446,満田拓也
CCRT02447,溝口隆一郎
CCRT02448,滓刃リスヲ
CCRT02449,滝井寿紀
CCRT02450,滝口将人
CCRT02451,滝口翔太
CCRT02452,滝川健市
CCRT02453,滝沢洋一
CCRT02454,滝沢解
CCRT02455,滝田ゆう
CCRT02456,滝直毅
CCRT02457,滝真来
CCRT02458,漫☆画太郎
CCRT02459,潮田一男
CCRT02460,潮里潤
CCRT02461,澤井健
CCRT02462,澤井啓夫
CCRT02463,澤川景一
CCRT02464,激牙覇
CCRT02465,濱口裕司
CCRT02466,濱田浩輔
CCRT02467,瀬上あきら
CCRT02468,瀬口たかひろ
CCRT02469,瀬口和宏
CCRT02470,瀬口忍
CCRT02471,瀬尾公治
CCRT02472,瀬尾結貴
CCRT02473,瀬川ミキ
CCRT02474,瀬川貴博
CCRT02475,瀬戸一
CCRT02476,瀬里果
CCRT02477,灘谷愛
CCRT02478,灘谷航
CCRT02479,火浦功
CCRT02480,炎堂たつや
CCRT02481,為永ゆう
CCRT02482,熊之股鍵次
CCRT02483,熊澤ひろし
CCRT02484,熊野一真
CCRT02485,片倉頼
CCRT02486,片山まさゆき
CCRT02487,片山ユキオ
CCRT02488,片山浩幸
CCRT02489,片山陽介
CCRT02490,片桐了
CCRT02491,片野ゆか
CCRT02492,牛島英彦
CCRT02493,牛次郎
CCRT02494,牧村しのぶ
CCRT02495,牧村和美
CCRT02496,牧野加印
CCRT02497,牧野和子
CCRT02498,独眼竜
CCRT02499,猪ノ谷言葉
CCRT02500,猪原賽
CCRT02501,猪熊しのぶ
CCRT02502,猫柳マモル
CCRT02503,猫砂一平
CCRT02504,猫黒ノミコ
CCRT02505,猿一
CCRT02506,猿渡哲也
CCRT02507,玄太郎
CCRT02508,玉置大地
CCRT02509,玉越博幸
CCRT02510,球木拾壱
CCRT02511,瑳川恵一
CCRT02512,田中つかさ
CCRT02513,田中モトユキ
CCRT02514,田中ヨシキ
CCRT02515,田中保左奈
CCRT02516,田中優吏
CCRT02517,田中充
CCRT02518,田中光
CCRT02519,田中光二
CCRT02520,田中克樹
CCRT02521,田中加奈子
CCRT02522,田中司
CCRT02523,田中善之助
CCRT02524,田中圭一
CCRT02525,田中憲
CCRT02526,田中政志
CCRT02527,田中渉
CCRT02528,田中芳樹
CCRT02529,田中誠一
CCRT02530,田中靖規
CCRT02531,田丸ようすけ
CCRT02532,田口ケンジ
CCRT02533,田口一
CCRT02534,田口範明
CCRT02535,田口翔太郎
CCRT02536,田口雅之
CCRT02537,田坂亮
CCRT02538,田島七枝
CCRT02539,田村信
CCRT02540,田村修一
CCRT02541,田村光久
CCRT02542,田村多津夫
CCRT02543,田村良介
CCRT02544,田村隆平
CCRT02545,田村高信
CCRT02546,田淵秀明
CCRT02547,田牧勝弥
CCRT02548,田畑由秋
CCRT02549,田畠裕基
CCRT02550,田辺イエロウ
CCRT02551,田辺崇
CCRT02552,田辺洋一郎
CCRT02553,由紀堅二
CCRT02554,由起賢二
CCRT02555,甲斐谷忍
CCRT02556,町井由紀子
CCRT02557,町田宏(医師)
CCRT02558,畑健二郎
CCRT02559,畑正憲
CCRT02560,畠大輔
CCRT02561,異NORMAL-ZOKU
CCRT02562,白井カイウ
CCRT02563,白倉由美
CCRT02564,白土三平
CCRT02565,白土三平赤目プロ作品
CCRT02566,白土悠介
CCRT02567,白岡巧
CCRT02568,白木卓
CCRT02569,白樺啓
CCRT02570,白水義行
CCRT02571,白水義行スタジオシップ作品
CCRT02572,白石一郎
CCRT02573,白銀章
CCRT02574,百瀬武昭
CCRT02575,百里あきら
CCRT02576,皆川亮二
CCRT02577,盆ノ木至
CCRT02578,益子かつみ
CCRT02579,監修コナミデジタルエンタテインメント
CCRT02580,監修市村龍太郎
CCRT02581,目黒広治
CCRT02582,相原成年
CCRT02583,相川てつじ
CCRT02584,相川西
CCRT02585,相沢かおる
CCRT02586,相良つねき
CCRT02587,相良俊輔
CCRT02588,眉月はるな
CCRT02589,眉村卓
CCRT02590,真倉翔
CCRT02591,真倉草
CCRT02592,真島ヒロ
CCRT02593,真崎・守
CCRT02594,真崎守
CCRT02595,真川浩介
CCRT02596,真斗
CCRT02597,真木富士人
CCRT02598,真樹日佐夫
CCRT02599,真樹村正とダイナミックプロ
CCRT02600,真樹村正とダイナミック・プロ
CCRT02601,真波プー
CCRT02602,真船一雄
CCRT02603,真鍋伊人
CCRT02604,真﨑・守
CCRT02605,矢上裕
CCRT02606,矢代まさこ
CCRT02607,矢口とらや
CCRT02608,矢口高雄
CCRT02609,矢口高雄と矢口プロ
CCRT02610,矢口高雄と矢口プロ作品
CCRT02611,矢口高雄矢口プロ作品
CCRT02612,矢吹れいこ
CCRT02613,矢吹れい子
CCRT02614,矢吹エイヂ
CCRT02615,矢吹健太朗
CCRT02616,矢吹健太郎
CCRT02617,矢島正雄
CCRT02618,矢崎良一
CCRT02619,矢沢暁
CCRT02620,矢玉四郎
CCRT02621,矢立肇
CCRT02622,矢立肇キムラノボル
CCRT02623,矢立肇吉野弘幸
CCRT02624,矢立肇黒田洋介(スタジオオルフェ)
CCRT02625,矢萩隼人
CCRT02626,矢野ひろし
CCRT02627,知新太
CCRT02628,石てつお
CCRT02629,石ノ森章太郎
CCRT02630,石丸なお
CCRT02631,石井あゆみ
CCRT02632,石井いさみ
CCRT02633,石井さだよし
CCRT02634,石井まさみ
CCRT02635,石井トシヒコ
CCRT02636,石井信裕
CCRT02637,石井重光
CCRT02638,石原俊明
CCRT02639,石原春彦
CCRT02640,石坂ケンタ
CCRT02641,石坂リューダイ
CCRT02642,石坂啓
CCRT02643,石垣ゆうき
CCRT02644,石垣冬樹
CCRT02645,石堂淑朗
CCRT02646,石塚千尋
CCRT02647,石山りーち
CCRT02648,石山弘
CCRT02649,石山東吉
CCRT02650,石山諒
CCRT02651,石岡ショウエイ
CCRT02652,石川つとむ
CCRT02653,石川サブロウ
CCRT02654,石川優吾
CCRT02655,石川光貴
CCRT02656,石川小松
CCRT02657,石川森彦
CCRT02658,石川球太
CCRT02659,石川真未
CCRT02660,石川賢
CCRT02661,石川賢とダイナミック・プロ
CCRT02662,石川賢ダイナミック・プロ
CCRT02663,石森章太郎
CCRT02664,石森章太郎とカネボウ食品
CCRT02665,石沢庸介
CCRT02666,石渡治
CCRT02667,石渡洋二
CCRT02668,石田まさよし
CCRT02669,石田スイ
CCRT02670,石田衣良
CCRT02671,石綿周一
CCRT02672,石野晴彦
CCRT02673,石黒正数
CCRT02674,石黒耀
CCRT02675,砂川しげひさ
CCRT02676,砂糖雪
CCRT02677,碧星タケル
CCRT02678,磯見仁月
CCRT02679,神保史郎
CCRT02680,神先史土
CCRT02681,神原やすゆき
CCRT02682,神宮寺一
CCRT02683,神尾こういち
CCRT02684,神崎将臣
CCRT02685,神崎新
CCRT02686,神広明
CCRT02687,神戸二郎
CCRT02688,神楽つな
CCRT02689,神海英雄
CCRT02690,神田たけ志
CCRT02691,神田圭介
CCRT02692,神矢みのる
CCRT02693,神谷一郎
CCRT02694,福井あしび
CCRT02695,福井セイ
CCRT02696,福井ユウスケ
CCRT02697,福井瞬
CCRT02698,福井祐介
CCRT02699,福井裕介
CCRT02700,福原だりお
CCRT02701,福原秀美
CCRT02702,福地カミオ
CCRT02703,福地翼
CCRT02704,福島大丈夫
CCRT02705,福島正美
CCRT02706,福島鉄平
CCRT02707,福本伸行
CCRT02708,福本和也
CCRT02709,福本義祐
CCRT02710,福沢昌義
CCRT02711,福満しげゆき
CCRT02712,福田としかね
CCRT02713,福田やすひろ
CCRT02714,福田三郎
CCRT02715,福田健太郎
CCRT02716,福田宏
CCRT02717,福田徹守
CCRT02718,福田達雄
CCRT02719,福耳ノボル
CCRT02720,秋吉薫
CCRT02721,秋月めぐる
CCRT02722,秋月研二
CCRT02723,秋本実
CCRT02724,秋本治
CCRT02725,秋桜
CCRT02726,秋竜山
CCRT02727,稲吉慶
CCRT02728,稲垣理一郎
CCRT02729,稲山覚也
CCRT02730,稲田浩司
CCRT02731,積木爆
CCRT02732,空知英秋
CCRT02733,空詠大智
CCRT02734,空飛光一
CCRT02735,突飛
CCRT02736,窓ハルカ
CCRT02737,窪ノ内英策
CCRT02738,窪之内英策
CCRT02739,立原あゆみ
CCRT02740,立松昂治
CCRT02741,立花未来王
CCRT02742,竜の子プロ
CCRT02743,竜崎遼児
CCRT02744,竹下けんじろう
CCRT02745,竹内海四郎
CCRT02746,竹内良輔
CCRT02747,竹宮恵子
CCRT02748,竹山佑右
CCRT02749,竹山洋
CCRT02750,竹山祐右
CCRT02751,竹本章
CCRT02752,竹若元博(バッファロー吾郎)
CCRT02753,竹野嘉恵
CCRT02754,竹野徹美
CCRT02755,笠井修
CCRT02756,笠井良樹
CCRT02757,笠原倫
CCRT02758,笠原巴
CCRT02759,笠太郎
CCRT02760,笠間しろう
CCRT02761,第年秒
CCRT02762,笹川ひろし
CCRT02763,笹沢左保
CCRT02764,筆洗ゆうた
CCRT02765,筒井大志
CCRT02766,筒井康隆
CCRT02767,筒井昌章
CCRT02768,篝一人
CCRT02769,篠原とおる
CCRT02770,篠原健太
CCRT02771,篠原幸雄
CCRT02772,篠原由美子
CCRT02773,篠原知宏
CCRT02774,篠原花那
CCRT02775,篠田ひでお
CCRT02776,籔野武士
CCRT02777,米井さとし
CCRT02778,米倉宏晃
CCRT02779,米原秀幸
CCRT02780,米本万里
CCRT02781,米林昇輝
CCRT02782,米津達也
CCRT02783,紅X
CCRT02784,紅Ｘ
CCRT02785,紙屋五平
CCRT02786,紫城マサヤ
CCRT02787,細井ゆうじ
CCRT02788,細倉徹
CCRT02789,細島善美
CCRT02790,細川雅巳
CCRT02791,細野不二彦
CCRT02792,細馬信一
CCRT02793,絵本奈央
CCRT02794,綾峰欄人
CCRT02795,綿貫琢己
CCRT02796,緋采俊樹
CCRT02797,緒方伸吏
CCRT02798,緒方智巳
CCRT02799,緒方雄一
CCRT02800,緒田太一
CCRT02801,緒里たばさ
CCRT02802,縁山
CCRT02803,縄谷哲司
CCRT02804,繁在家政之
CCRT02805,織みゆき
CCRT02806,織三幸
CCRT02807,繭住翔太
CCRT02808,美和
CCRT02809,美斉津二郎
CCRT02810,義山亭石鳥
CCRT02811,羽川渡
CCRT02812,羽田又日郎
CCRT02813,羽石唯
CCRT02814,羽鳥剛
CCRT02815,聖日出夫
CCRT02816,肥田野健太郎
CCRT02817,能條純一
CCRT02818,能田達規
CCRT02819,脂小路蝉麿
CCRT02820,脇坂隆行
CCRT02821,脊川つい
CCRT02822,臣新蔵
CCRT02823,臼井彰一
CCRT02824,舎川和行
CCRT02825,舟木こお
CCRT02826,船津紳平
CCRT02827,芝田優作
CCRT02828,芝田芳樹
CCRT02829,芝田英行
CCRT02830,芝野郷太
CCRT02831,芥見下々
CCRT02832,花桜満開
CCRT02833,花田正樹
CCRT02834,花登筐
CCRT02835,花登筺
CCRT02836,芳谷圭児
CCRT02837,芹沢ノヴヒロ
CCRT02838,芹沢直樹
CCRT02839,芹澤翔
CCRT02840,苅部誠
CCRT02841,苑場凌
CCRT02842,若宮弘明
CCRT02843,若山晴司
CCRT02844,若月てつ
CCRT02845,若木民喜
CCRT02846,若松卓宏
CCRT02847,若松孫市
CCRT02848,若松浩
CCRT02849,若林一郎
CCRT02850,若林稔弥
CCRT02851,若桑一人
CCRT02852,若葉ゲンゾウ
CCRT02853,苦楽たくる
CCRT02854,英貴
CCRT02855,茶川ひろし
CCRT02856,草原タカオ
CCRT02857,草場道輝
CCRT02858,草川隆
CCRT02859,草葉道輝
CCRT02860,草薙勉
CCRT02861,荒尾和彦
CCRT02862,荒川弘
CCRT02863,荒木ひとし
CCRT02864,荒木利之
CCRT02865,荒木飛呂彦
CCRT02866,荒瀬ひろみ
CCRT02867,荒生直也
CCRT02868,荒達哉
CCRT02869,荘司としお
CCRT02870,荻のやゆきを
CCRT02871,荻島佐佑
CCRT02872,荻晴彦
CCRT02873,荻野ケン
CCRT02874,菅原かずまさ
CCRT02875,菅原健二
CCRT02876,菅原勝見
CCRT02877,菅原敦史
CCRT02878,菅家健太
CCRT02879,菅野孝典
CCRT02880,菊地としを
CCRT02881,菊地ノリコ
CCRT02882,菊地秀行
CCRT02883,菊地規子
CCRT02884,菊池かすみ
CCRT02885,菊池としを
CCRT02886,菊池晃弘
CCRT02887,菊田洋之
CCRT02888,菟川涙香
CCRT02889,萩原一至
CCRT02890,萩原清隆
CCRT02891,萩原裕一
CCRT02892,萩尾望都
CCRT02893,萬屋不死身之介
CCRT02894,落合あたる
CCRT02895,落合ヒロカズ
CCRT02896,落合尚之
CCRT02897,葉山伸
CCRT02898,葉沢ゆきお
CCRT02899,葛城
CCRT02900,葛城一
CCRT02901,葛西史希
CCRT02902,葛西雄治
CCRT02903,葦原倭
CCRT02904,葦原大介
CCRT02905,葵ろむ
CCRT02906,蓮古田二郎
CCRT02907,蔵人健吾
CCRT02908,蔵人幸明
CCRT02909,蔵石ユウ
CCRT02910,蕪木一生
CCRT02911,薮野てんや
CCRT02912,藍本松
CCRT02913,藤あきら
CCRT02914,藤井冬木
CCRT02915,藤井敦
CCRT02916,藤井良樹
CCRT02917,藤原昌幸
CCRT02918,藤原芳秀
CCRT02919,藤子不二雄
CCRT02920,藤子不二雄とスタジオ・ゼロ
CCRT02921,藤崎了士
CCRT02922,藤崎竜
CCRT02923,藤崎聖人
CCRT02924,藤川努
CCRT02925,藤巻忠俊
CCRT02926,藤木俊
CCRT02927,藤村柊二
CCRT02928,藤村緋二
CCRT02929,藤森激
CCRT02930,藤沢とおる
CCRT02931,藤沢宏臣
CCRT02932,藤澤勇希
CCRT02933,藤田まる美
CCRT02934,藤田健司
CCRT02935,藤田勇利亜
CCRT02936,藤田和日郎
CCRT02937,藤田直哉
CCRT02938,藤田茂
CCRT02939,藤田訓博
CCRT02940,藤見泰高
CCRT02941,藤近小梅
CCRT02942,藤野耕平
CCRT02943,藪野続久
CCRT02944,虫プロ
CCRT02945,蛭田達也
CCRT02946,蜷津直
CCRT02947,西修
CCRT02948,西公平
CCRT02949,西尾元宏
CCRT02950,西尾昭彦
CCRT02951,西尾維新
CCRT02952,西山佑太
CCRT02953,西山優里子
CCRT02954,西岡たか史
CCRT02955,西崎正
CCRT02956,西川伸司
CCRT02957,西川彰
CCRT02958,西川淳
CCRT02959,西木田景志
CCRT02960,西本夏
CCRT02961,西本英雄
CCRT02962,西村ユウタ
CCRT02963,西村啓
CCRT02964,西村幸祐
CCRT02965,西条真二
CCRT02966,西條真二
CCRT02967,西森博之
CCRT02968,西森茂政
CCRT02969,西沢周平
CCRT02970,西義之
CCRT02971,西荻弓絵
CCRT02972,西郷虹星
CCRT02973,要藤太
CCRT02974,観寺風貴
CCRT02975,角光
CCRT02976,角屋公一
CCRT02977,触媒ヒロオミ
CCRT02978,計奈恵
CCRT02979,許斐剛
CCRT02980,諏訪栄
CCRT02981,諫山創
CCRT02982,諸星大二郎
CCRT02983,諸賀卓
CCRT02984,谷上俊夫
CCRT02985,谷口いくよ
CCRT02986,谷古宇剛
CCRT02987,谷園とものぶ
CCRT02988,谷岡ヤスジ
CCRT02989,谷崎あきら(TARKUS)
CCRT02990,谷嶋功
CCRT02991,谷川てつや
CCRT02992,谷川朋彦
CCRT02993,谷川裕一
CCRT02994,谷村ひとし
CCRT02995,谷村明彦
CCRT02996,谷郁夫
CCRT02997,豊永綾乃
CCRT02998,豊玉三郎
CCRT02999,豊臣秀信
CCRT03000,貝塚ひろし
CCRT03001,貝塚貴
CCRT03002,貞本義行
CCRT03003,貴家悠
CCRT03004,貴志裕介
CCRT03005,赤井羊
CCRT03006,赤井邦彦
CCRT03007,赤司かずたか
CCRT03008,赤塚不二夫
CCRT03009,赤塚不二夫とフジオプロ
CCRT03010,赤塚不二夫とフジオ・プロ
CCRT03011,赤塚不二夫フジオ.プロ
CCRT03012,赤塚不二夫フジオプロ
CCRT03013,赤塚不二夫フジオ・プロ
CCRT03014,赤川たかし
CCRT03015,赤川次郎
CCRT03016,赤松健
CCRT03017,赤瀬冬馬
CCRT03018,赤目プロ作品
CCRT03019,赤風閃一
CCRT03020,越智厚介
CCRT03021,足立トシノブ
CCRT03022,車田正実
CCRT03023,車田正美
CCRT03024,車田正美と神輪会
CCRT03025,轍平
CCRT03026,辰巳ヨシヒロ
CCRT03027,辺見じゅん
CCRT03028,辻なおき
CCRT03029,辻本樹一
CCRT03030,辻真先
CCRT03031,辻邦康
CCRT03032,近藤信輔
CCRT03033,近藤唯之
CCRT03034,近藤太郎
CCRT03035,近藤豪志
CCRT03036,迫稔雄
CCRT03037,逆井五郎
CCRT03038,速野悠二
CCRT03039,週刊少年ジャンプ編集部
CCRT03040,遊んで大前
CCRT03041,遊眠
CCRT03042,道元むねのり
CCRT03043,道元宗紀
CCRT03044,達山一歩
CCRT03045,遠山光
CCRT03046,遠崎史朗
CCRT03047,遠崎史郎
CCRT03048,遠田マリモ
CCRT03049,遠藤政治
CCRT03050,遠藤純作
CCRT03051,遠藤航
CCRT03052,遠藤達哉
CCRT03053,遠野ノオト
CCRT03054,那波歩才
CCRT03055,那須信弘
CCRT03056,那須輝一郎
CCRT03057,邪鬼0
CCRT03058,郷田こうや
CCRT03059,都築信也
CCRT03060,酒井ようへい
CCRT03061,酒井彰
CCRT03062,酒井敦彦
CCRT03063,酒迎謙志
CCRT03064,里中満智子
CCRT03065,里見桂
CCRT03066,里見洋二
CCRT03067,重岡秀満
CCRT03068,重本ハジメ
CCRT03069,野々上大二郎
CCRT03070,野々村秀樹
CCRT03071,野中英次
CCRT03072,野原ぽち
CCRT03073,野口太陽
CCRT03074,野口賢
CCRT03075,野呂俊介
CCRT03076,野坂尚史
CCRT03077,野家雪央
CCRT03078,野島伸司
CCRT03079,野性派のおづ
CCRT03080,野村歪
CCRT03081,野村繁裕
CCRT03082,野沢昌宏
CCRT03083,野添つねお
CCRT03084,野田たみ樹
CCRT03085,野田宏
CCRT03086,野田浩生
CCRT03087,野田琴里
CCRT03088,野部優美
CCRT03089,野部利雄
CCRT03090,野間吐史
CCRT03091,金井たつお
CCRT03092,金井大起
CCRT03093,金井浩也
CCRT03094,金井真隆
CCRT03095,金井龍郎
CCRT03096,金城哲夫
CCRT03097,金城宗幸
CCRT03098,金子吉和
CCRT03099,金田光二
CCRT03100,金田達也
CCRT03101,金田陽介
CCRT03102,金谷多一郎
CCRT03103,金重高志
CCRT03104,鈍速毎日
CCRT03105,鈴原研一郎
CCRT03106,鈴宮和由
CCRT03107,鈴木けい一
CCRT03108,鈴木みちを
CCRT03109,鈴木やすこ
CCRT03110,鈴木ダイ
CCRT03111,鈴木伸彦
CCRT03112,鈴木信也
CCRT03113,鈴木優太
CCRT03114,鈴木光
CCRT03115,鈴木央
CCRT03116,鈴木快
CCRT03117,鈴木慈子
CCRT03118,鈴木新
CCRT03119,鈴木竜太
CCRT03120,鈴木雅俊
CCRT03121,鈴木雅洋
CCRT03122,鉄チン28cm
CCRT03123,鉄田猿児
CCRT03124,鎌形けいすけ
CCRT03125,鎌田洋次
CCRT03126,鎌田清
CCRT03127,鏡丈二
CCRT03128,鏡貴也
CCRT03129,長井紀昭
CCRT03130,長友圭史
CCRT03131,長尾成敏(医師)
CCRT03132,長崎啓二
CCRT03133,長沢克泰
CCRT03134,長沢裕
CCRT03135,長田悠幸
CCRT03136,長緒隆也
CCRT03137,長谷川光弐
CCRT03138,長谷川尚代
CCRT03139,長谷川彰
CCRT03140,長谷川智広
CCRT03141,長谷川法世
CCRT03142,長谷川清
CCRT03143,長谷川猛
CCRT03144,長谷川誠
CCRT03145,長谷川隆
CCRT03146,長谷見沙貴
CCRT03147,長谷邦夫とフジオ・プロ
CCRT03148,長門知大
CCRT03149,門前清一
CCRT03150,門松功大
CCRT03151,門松巧大
CCRT03152,門脇正法
CCRT03153,門里慧
CCRT03154,門馬もとき
CCRT03155,関一成
CCRT03156,関井シモン
CCRT03157,関信彦
CCRT03158,関口シュン
CCRT03159,関口太郎
CCRT03160,関口裕之
CCRT03161,関本敏和
CCRT03162,関根直子
CCRT03163,関根義人
CCRT03164,関沢新一
CCRT03165,関谷ひさし
CCRT03166,阿久沢徹行
CCRT03167,阿月田伸也
CCRT03168,阿部ゆたか
CCRT03169,阿部共実
CCRT03170,阿部兼士
CCRT03171,阿部寛
CCRT03172,阿部川キネコ
CCRT03173,阿部智
CCRT03174,阿部洋一
CCRT03175,阿部秀司
CCRT03176,阿部進
CCRT03177,附田祐斗
CCRT03178,降る川光一
CCRT03179,陸井栄史
CCRT03180,陸野二二夫
CCRT03181,険持ちよ
CCRT03182,隆慶一郎
CCRT03183,雁屋哲
CCRT03184,雄雛愛覚
CCRT03185,雅はじめ
CCRT03186,雨乃月靉一
CCRT03187,雨墨篤
CCRT03188,雷句誠
CCRT03189,霧木凡ケン
CCRT03190,青山剛昌
CCRT03191,青山剛昌秋元康
CCRT03192,青山広美
CCRT03193,青山文昭
CCRT03194,青山祐也
CCRT03195,青戸成
CCRT03196,青木健生
CCRT03197,青木和明
CCRT03198,青木英大
CCRT03199,青木裕
CCRT03200,青柳孝夫
CCRT03201,青柳裕介
CCRT03202,青柳裕介しばてんプロ
CCRT03203,青樹佑夜
CCRT03204,青沼裕貴
CCRT03205,青葉俊
CCRT03206,青野美代子
CCRT03207,音野ユキヒロ
CCRT03208,須田信太郎
CCRT03209,須賀達郎
CCRT03210,風巻弦
CCRT03211,風忍
CCRT03212,風忍ダイナミックプロ
CCRT03213,風田朗
CCRT03214,風間克弥
CCRT03215,飛田ニキイチ
CCRT03216,飛鳥日見子
CCRT03217,飛鷹ゆうき
CCRT03218,飯塚よし照
CCRT03219,飯塚幸弘
CCRT03220,飯島じゅん
CCRT03221,飯島浩介
CCRT03222,飯島潤
CCRT03223,飯島祐
CCRT03224,飯森広一
CCRT03225,飯沼ゆうき
CCRT03226,飯田光昭
CCRT03227,飯田政雄
CCRT03228,館友二
CCRT03229,香山ふみお
CCRT03230,香川登志緒
CCRT03231,香田圭介
CCRT03232,香部雄一
CCRT03233,馬上鷹将
CCRT03234,馬場民雄
CCRT03235,馬場秀夫
CCRT03236,馬籠ヤヒロ
CCRT03237,駒津蘭丸
CCRT03238,高久昌也
CCRT03239,高久進
CCRT03240,高井研一郎
CCRT03241,高倉マサオ
CCRT03242,高倉陽樹
CCRT03243,高地ひろなり
CCRT03244,高城肇
CCRT03245,高天原正午
CCRT03246,高寺稔
CCRT03247,高山としのり
CCRT03248,高山よしさと
CCRT03249,高山よしのり
CCRT03250,高山紀芳
CCRT03251,高山芳紀
CCRT03252,高山芳郷
CCRT03253,高岡正夫
CCRT03254,高岡永生
CCRT03255,高岸研治
CCRT03256,高峰至
CCRT03257,高島龍一
CCRT03258,高木ユーナ
CCRT03259,高木智誠
CCRT03260,高木章次
CCRT03261,高本ヨネコ
CCRT03262,高枝景水
CCRT03263,高柳ヒデツ
CCRT03264,高森朝雄
CCRT03265,高樹修世
CCRT03266,高橋かずお
CCRT03267,高橋しん
CCRT03268,高橋じゅんじ
CCRT03269,高橋てつや
CCRT03270,高橋のぼる
CCRT03271,高橋ゆたか
CCRT03272,高橋よしひろ
CCRT03273,高橋わたる
CCRT03274,高橋ヒロシ
CCRT03275,高橋マモル
CCRT03276,高橋一郎
CCRT03277,高橋一雅
CCRT03278,高橋三千綱
CCRT03279,高橋伸輔
CCRT03280,高橋功一郎
CCRT03281,高橋加代子
CCRT03282,高橋司
CCRT03283,高橋和希
CCRT03284,高橋宏一
CCRT03285,高橋留美子
CCRT03286,高橋章子
CCRT03287,高橋純司
CCRT03288,高橋美由紀
CCRT03289,高橋義広
CCRT03290,高橋良介
CCRT03291,高橋英樹
CCRT03292,高橋葉介
CCRT03293,高橋裕左
CCRT03294,高橋重定
CCRT03295,高橋陽一
CCRT03296,高津カリノ
CCRT03297,高瀬雅也
CCRT03298,高田みつあき
CCRT03299,高田亮介
CCRT03300,高田千種
CCRT03301,高田康太郎
CCRT03302,高田真一
CCRT03303,高田雅利
CCRT03304,高畑岳誌
CCRT03305,高畑弓
CCRT03306,高矢さとし
CCRT03307,高見まこ
CCRT03308,高遠るい
CCRT03309,高野よしてる
CCRT03310,高野功太郎
CCRT03311,高野太郎
CCRT03312,髙島龍一
CCRT03313,髙橋ヒロシ
CCRT03314,髙橋ヒロシ武藤将吾
CCRT03315,髙橋純司
CCRT03316,鬼堂曜輔
CCRT03317,鬼窪浩久
CCRT03318,鬼頭真嗣
CCRT03319,鬼頭知広
CCRT03320,魅野こだま
CCRT03321,魚住青時
CCRT03322,魚戸おさむ
CCRT03323,鯖之猫
CCRT03324,鳥山明
CCRT03325,鳥栖文隆
CCRT03326,鳥飼ケンタロー
CCRT03327,鳴島生
CCRT03328,鳴海丈
CCRT03329,鳴神俊
CCRT03330,鴨川つばめ
CCRT03331,鴨川つばめと船津漫画集団GAG漫画部
CCRT03332,鴨川小五郎
CCRT03333,鴨葱るんり
CCRT03334,鶴ゆみか
CCRT03335,鶴岡伸寿
CCRT03336,鶴見史郎
CCRT03337,鷲尾和哉
CCRT03338,鷲巣三作
CCRT03339,鷹嘴ノボ
CCRT03340,鷹城冴貴
CCRT03341,鷹氏隆之
CCRT03342,鷹沢圭
CCRT03343,鷹見隼人
CCRT03344,鷹野常雄
CCRT03345,鷺巣比夜子
CCRT03346,鹿児島名古屋
CCRT03347,鹿町じゅん
CCRT03348,鹿賀ミツル
CCRT03349,鹿野さとる
CCRT03350,鹿野もゆる
CCRT03351,鹿間瓶九郎
CCRT03352,鹿養信太郎
CCRT03353,麻生周一
CCRT03354,麻生羽呂
CCRT03355,黒咲一人
CCRT03356,黒岩よしひろ
CCRT03357,黒崎一人
CCRT03358,黒木武
CCRT03359,黒木渉
CCRT03360,黒木雄心
CCRT03361,黒沢哲哉
CCRT03362,黒沢用
CCRT03363,黒瀬尚人
CCRT03364,黒田いずま
CCRT03365,黒田孝祥
CCRT03366,黒田洋介
CCRT03367,黒田高祥
CCRT03368,黒葉潤一
CCRT03369,黒郷ほとり
CCRT03370,黒鉄ヒロシ
CCRT03371,齋藤勁吾
CCRT03372,齋藤直葵(さいとうなおき)
CCRT03373,齋藤頸吾
CCRT03374,龍門諒
CCRT03375,龍馳章男
